file_path,label
./final_data/marathi_noised/marathi_denoised/128232_2.wav,1
./final_data/marathi_noised/marathi_denoised/128232_2.wav,1
./final_data/marathi_noised/marathi_denoised/127915_2.wav,1
./final_data/marathi_noised/marathi_denoised/127914_1.wav,1
./final_data/marathi_noised/marathi_denoised/127913_1.wav,1
./final_data/marathi_noised/marathi_denoised/127912_1.wav,1
./final_data/marathi_noised/marathi_denoised/127911_1.wav,1
./final_data/marathi_noised/marathi_denoised/127910_1.wav,1
./final_data/marathi_noised/marathi_denoised/127909_2.wav,1
./final_data/marathi_noised/marathi_denoised/127908_2.wav,1
./final_data/marathi_noised/marathi_denoised/127806_2.wav,1
./final_data/marathi_noised/marathi_denoised/127804_2.wav,1
./final_data/marathi_noised/marathi_denoised/127803_2.wav,1
./final_data/marathi_noised/marathi_denoised/127802_2.wav,1
./final_data/marathi_noised/marathi_denoised/127800_2.wav,1
./final_data/marathi_noised/marathi_denoised/127799_2.wav,1
./final_data/marathi_noised/marathi_denoised/127059_2.wav,1
./final_data/marathi_noised/marathi_denoised/127058_2.wav,1
./final_data/marathi_noised/marathi_denoised/127016_2.wav,1
./final_data/marathi_noised/marathi_denoised/128196_2.wav,1
./final_data/marathi_noised/marathi_denoised/127642_2.wav,1
./final_data/marathi_noised/marathi_denoised/128673_2.wav,1
./final_data/marathi_noised/marathi_denoised/127821_2.wav,1
./final_data/marathi_noised/marathi_denoised/127463_2.wav,1
./final_data/marathi_noised/marathi_denoised/127625_1.wav,1
./final_data/marathi_noised/marathi_denoised/127624_1.wav,1
./final_data/marathi_noised/marathi_denoised/127602_2.wav,1
./final_data/marathi_noised/marathi_denoised/127599_2.wav,1
./final_data/marathi_noised/marathi_denoised/127598_2.wav,1
./final_data/marathi_noised/marathi_denoised/127597_2.wav,1
./final_data/marathi_noised/marathi_denoised/127586_2.wav,1
./final_data/marathi_noised/marathi_denoised/127576_2.wav,1
./final_data/marathi_noised/marathi_denoised/127575_2.wav,1
./final_data/marathi_noised/marathi_denoised/127574_2.wav,1
./final_data/marathi_noised/marathi_denoised/127309_2.wav,1
./final_data/marathi_noised/marathi_denoised/127308_2.wav,1
./final_data/marathi_noised/marathi_denoised/127303_1.wav,1
./final_data/marathi_noised/marathi_denoised/127302_1.wav,1
./final_data/marathi_noised/marathi_denoised/127078_2.wav,1
./final_data/marathi_noised/marathi_denoised/128311_1.wav,1
./final_data/marathi_noised/marathi_denoised/128309_2.wav,1
./final_data/marathi_noised/marathi_denoised/128307_2.wav,1
./final_data/marathi_noised/marathi_denoised/128304_2.wav,1
./final_data/marathi_noised/marathi_denoised/128303_1.wav,1
./final_data/marathi_noised/marathi_denoised/128297_2.wav,1
./final_data/marathi_noised/marathi_denoised/128139_3.wav,1
./final_data/marathi_noised/marathi_denoised/128139_2.wav,1
./final_data/marathi_noised/marathi_denoised/128021_2.wav,1
./final_data/marathi_noised/marathi_denoised/127658_2.wav,1
./final_data/marathi_noised/marathi_denoised/127656_2.wav,1
./final_data/marathi_noised/marathi_denoised/127655_2.wav,1
./final_data/marathi_noised/marathi_denoised/127651_2.wav,1
./final_data/marathi_noised/marathi_denoised/127651_3.wav,1
./final_data/marathi_noised/marathi_denoised/128192_1.wav,1
./final_data/marathi_noised/marathi_denoised/128185_1.wav,1
./final_data/marathi_noised/marathi_denoised/128184_2.wav,1
./final_data/marathi_noised/marathi_denoised/128845_2.wav,1
./final_data/marathi_noised/marathi_denoised/127400_2.wav,1
./final_data/marathi_noised/marathi_denoised/127399_2.wav,1
./final_data/marathi_noised/marathi_denoised/127391_1.wav,1
./final_data/marathi_noised/marathi_denoised/127386_1.wav,1
./final_data/marathi_noised/marathi_denoised/127371_1.wav,1
./final_data/marathi_noised/marathi_denoised/127368_1.wav,1
./final_data/marathi_noised/marathi_denoised/127365_1.wav,1
./final_data/marathi_noised/marathi_denoised/127361_1.wav,1
./final_data/marathi_noised/marathi_denoised/127359_1.wav,1
./final_data/marathi_noised/marathi_denoised/127130_1.wav,1
./final_data/marathi_noised/marathi_denoised/127128_1.wav,1
./final_data/marathi_noised/marathi_denoised/127977_2.wav,1
./final_data/marathi_noised/marathi_denoised/127975_2.wav,1
./final_data/marathi_noised/marathi_denoised/127974_2.wav,1
./final_data/marathi_noised/marathi_denoised/127973_2.wav,1
./final_data/marathi_noised/marathi_denoised/127970_2.wav,1
./final_data/marathi_noised/marathi_denoised/127969_2.wav,1
./final_data/marathi_noised/marathi_denoised/127966_2.wav,1
./final_data/marathi_noised/marathi_denoised/127965_2.wav,1
./final_data/marathi_noised/marathi_denoised/127964_2.wav,1
./final_data/marathi_noised/marathi_denoised/127963_2.wav,1
./final_data/marathi_noised/marathi_denoised/127960_2.wav,1
./final_data/marathi_noised/marathi_denoised/127959_2.wav,1
./final_data/marathi_noised/marathi_denoised/127958_2.wav,1
./final_data/marathi_noised/marathi_denoised/127957_2.wav,1
./final_data/marathi_noised/marathi_denoised/127349_2.wav,1
./final_data/marathi_noised/marathi_denoised/127347_2.wav,1
./final_data/marathi_noised/marathi_denoised/127770_2.wav,1
./final_data/marathi_noised/marathi_denoised/127758_1.wav,1
./final_data/marathi_noised/marathi_denoised/127755_1.wav,1
./final_data/marathi_noised/marathi_denoised/127749_1.wav,1
./final_data/marathi_noised/marathi_denoised/127719_1.wav,1
./final_data/marathi_noised/marathi_denoised/127696_1.wav,1
./final_data/marathi_noised/marathi_denoised/127684_1.wav,1
./final_data/marathi_noised/marathi_denoised/127645_1.wav,1
./final_data/marathi_noised/marathi_denoised/127636_1.wav,1
./final_data/marathi_noised/marathi_denoised/127635_1.wav,1
./final_data/marathi_noised/marathi_denoised/127633_2.wav,1
./final_data/marathi_noised/marathi_denoised/127631_1.wav,1
./final_data/marathi_noised/marathi_denoised/127630_2.wav,1
./final_data/marathi_noised/marathi_denoised/127629_2.wav,1
./final_data/marathi_noised/marathi_denoised/127490_2.wav,1
./final_data/marathi_noised/marathi_denoised/127949_2.wav,1
./final_data/marathi_noised/marathi_denoised/127738_2.wav,1
./final_data/marathi_noised/marathi_denoised/127438_2.wav,1
./final_data/marathi_noised/marathi_denoised/127590_1.wav,1
./final_data/marathi_noised/marathi_denoised/127541_2.wav,1
./final_data/marathi_noised/marathi_denoised/127521_1.wav,1
./final_data/marathi_noised/marathi_denoised/127518_2.wav,1
./final_data/marathi_noised/marathi_denoised/127827_2.wav,1
./final_data/marathi_noised/marathi_denoised/128226_2.wav,1
./final_data/marathi_noised/marathi_denoised/127940_2.wav,1
./final_data/marathi_noised/marathi_denoised/127621_2.wav,1
./final_data/marathi_noised/marathi_denoised/127492_2.wav,1
./final_data/marathi_noised/marathi_denoised/127491_2.wav,1
./final_data/marathi_noised/marathi_denoised/127489_2.wav,1
./final_data/marathi_noised/marathi_denoised/127484_2.wav,1
./final_data/marathi_noised/marathi_denoised/127483_2.wav,1
./final_data/marathi_noised/marathi_denoised/127457_2.wav,1
./final_data/marathi_noised/marathi_denoised/127455_2.wav,1
./final_data/marathi_noised/marathi_denoised/127454_2.wav,1
./final_data/marathi_noised/marathi_denoised/127437_2.wav,1
./final_data/marathi_noised/marathi_denoised/127428_1.wav,1
./final_data/marathi_noised/marathi_denoised/127427_1.wav,1
./final_data/marathi_noised/marathi_denoised/127421_2.wav,1
./final_data/marathi_noised/marathi_denoised/128829_2.wav,1
./final_data/marathi_noised/marathi_denoised/128705_2.wav,1
./final_data/marathi_noised/marathi_denoised/128623_1.wav,1
./final_data/marathi_noised/marathi_denoised/128608_1.wav,1
./final_data/marathi_noised/marathi_denoised/128606_1.wav,1
./final_data/marathi_noised/marathi_denoised/128227_2.wav,1
./final_data/marathi_noised/marathi_denoised/128226_1.wav,1
./final_data/marathi_noised/marathi_denoised/128225_1.wav,1
./final_data/marathi_noised/marathi_denoised/128223_2.wav,1
./final_data/marathi_noised/marathi_denoised/128222_2.wav,1
./final_data/marathi_noised/marathi_denoised/128213_2.wav,1
./final_data/marathi_noised/marathi_denoised/128197_2.wav,1
./final_data/marathi_noised/marathi_denoised/128135_2.wav,1
./final_data/marathi_noised/marathi_denoised/128133_2.wav,1
./final_data/marathi_noised/marathi_denoised/128131_2.wav,1
./final_data/marathi_noised/marathi_denoised/128118_2.wav,1
./final_data/marathi_noised/marathi_denoised/128020_2.wav,1
./final_data/marathi_noised/marathi_denoised/128019_2.wav,1
./final_data/marathi_noised/marathi_denoised/128008_2.wav,1
./final_data/marathi_noised/marathi_denoised/128007_2.wav,1
./final_data/marathi_noised/marathi_denoised/128006_2.wav,1
./final_data/marathi_noised/marathi_denoised/128005_2.wav,1
./final_data/marathi_noised/marathi_denoised/128004_2.wav,1
./final_data/marathi_noised/marathi_denoised/127997_2.wav,1
./final_data/marathi_noised/marathi_denoised/128002_2.wav,1
./final_data/marathi_noised/marathi_denoised/128580_1.wav,1
./final_data/marathi_noised/marathi_denoised/128577_1.wav,1
./final_data/marathi_noised/marathi_denoised/128576_1.wav,1
./final_data/marathi_noised/marathi_denoised/128574_1.wav,1
./final_data/marathi_noised/marathi_denoised/128573_1.wav,1
./final_data/marathi_noised/marathi_denoised/128572_1.wav,1
./final_data/marathi_noised/marathi_denoised/128571_1.wav,1
./final_data/marathi_noised/marathi_denoised/128569_1.wav,1
./final_data/marathi_noised/marathi_denoised/128568_1.wav,1
./final_data/marathi_noised/marathi_denoised/128567_1.wav,1
./final_data/marathi_noised/marathi_denoised/128565_1.wav,1
./final_data/marathi_noised/marathi_denoised/128562_1.wav,1
./final_data/marathi_noised/marathi_denoised/128507_2.wav,1
./final_data/marathi_noised/marathi_denoised/128506_2.wav,1
./final_data/marathi_noised/marathi_denoised/128494_2.wav,1
./final_data/marathi_noised/marathi_denoised/128837_2.wav,1
./final_data/marathi_noised/marathi_denoised/128831_2.wav,1
./final_data/marathi_noised/marathi_denoised/128672_2.wav,1
./final_data/marathi_noised/marathi_denoised/128671_2.wav,1
./final_data/marathi_noised/marathi_denoised/128669_2.wav,1
./final_data/marathi_noised/marathi_denoised/128668_2.wav,1
./final_data/marathi_noised/marathi_denoised/128667_2.wav,1
./final_data/marathi_noised/marathi_denoised/128666_2.wav,1
./final_data/marathi_noised/marathi_denoised/128662_2.wav,1
./final_data/marathi_noised/marathi_denoised/128654_2.wav,1
./final_data/marathi_noised/marathi_denoised/127913_2.wav,1
./final_data/marathi_noised/marathi_denoised/127912_2.wav,1
./final_data/marathi_noised/marathi_denoised/127911_2.wav,1
./final_data/marathi_noised/marathi_denoised/127910_2.wav,1
./final_data/marathi_noised/marathi_denoised/128696_1.wav,1
./final_data/marathi_noised/marathi_denoised/128687_1.wav,1
./final_data/marathi_noised/marathi_denoised/128686_1.wav,1
./final_data/marathi_noised/marathi_denoised/128685_1.wav,1
./final_data/marathi_noised/marathi_denoised/128684_1.wav,1
./final_data/marathi_noised/marathi_denoised/128683_1.wav,1
./final_data/marathi_noised/marathi_denoised/128682_1.wav,1
./final_data/marathi_noised/marathi_denoised/128681_1.wav,1
./final_data/marathi_noised/marathi_denoised/128680_1.wav,1
./final_data/marathi_noised/marathi_denoised/128679_1.wav,1
./final_data/marathi_noised/marathi_denoised/128678_1.wav,1
./final_data/marathi_noised/marathi_denoised/128677_1.wav,1
./final_data/marathi_noised/marathi_denoised/128675_1.wav,1
./final_data/marathi_noised/marathi_denoised/128673_1.wav,1
./final_data/marathi_noised/marathi_denoised/128653_2.wav,1
./final_data/marathi_noised/marathi_denoised/128635_2.wav,1
./final_data/marathi_noised/marathi_denoised/128632_2.wav,1
./final_data/marathi_noised/marathi_denoised/128631_2.wav,1
./final_data/marathi_noised/marathi_denoised/128456_1.wav,1
./final_data/marathi_noised/marathi_denoised/128302_2.wav,1
./final_data/marathi_noised/marathi_denoised/128288_2.wav,1
./final_data/marathi_noised/marathi_denoised/128759_2.wav,1
./final_data/marathi_noised/marathi_denoised/128758_2.wav,1
./final_data/marathi_noised/marathi_denoised/128756_1.wav,1
./final_data/marathi_noised/marathi_denoised/128755_1.wav,1
./final_data/marathi_noised/marathi_denoised/128754_1.wav,1
./final_data/marathi_noised/marathi_denoised/128753_1.wav,1
./final_data/marathi_noised/marathi_denoised/128407_2.wav,1
./final_data/marathi_noised/marathi_denoised/128401_1.wav,1
./final_data/marathi_noised/marathi_denoised/128042_1.wav,1
./final_data/marathi_noised/marathi_denoised/128038_1.wav,1
./final_data/marathi_noised/marathi_denoised/128033_1.wav,1
./final_data/marathi_noised/marathi_denoised/128032_1.wav,1
./final_data/marathi_noised/marathi_denoised/128029_1.wav,1
./final_data/marathi_noised/marathi_denoised/128021_1.wav,1
./final_data/marathi_noised/marathi_denoised/128013_1.wav,1
./final_data/marathi_noised/marathi_denoised/128011_1.wav,1
./final_data/marathi_noised/marathi_denoised/128007_1.wav,1
./final_data/marathi_noised/marathi_denoised/128006_1.wav,1
./final_data/marathi_noised/marathi_denoised/128001_1.wav,1
./final_data/marathi_noised/marathi_denoised/128000_1.wav,1
./final_data/marathi_noised/marathi_denoised/127999_1.wav,1
./final_data/marathi_noised/marathi_denoised/127998_1.wav,1
./final_data/marathi_noised/marathi_denoised/127996_1.wav,1
./final_data/marathi_noised/marathi_denoised/127990_1.wav,1
./final_data/marathi_noised/marathi_denoised/127989_1.wav,1
./final_data/marathi_noised/marathi_denoised/127980_1.wav,1
./final_data/marathi_noised/marathi_denoised/127978_1.wav,1
./final_data/marathi_noised/marathi_denoised/127986_2.wav,1
./final_data/marathi_noised/marathi_denoised/127983_2.wav,1
./final_data/marathi_noised/marathi_denoised/127945_2.wav,1
./final_data/marathi_noised/marathi_denoised/127396_2.wav,1
./final_data/marathi_noised/marathi_denoised/127394_2.wav,1
./final_data/marathi_noised/marathi_denoised/127393_2.wav,1
./final_data/marathi_noised/marathi_denoised/127312_1.wav,1
./final_data/marathi_noised/marathi_denoised/127927_1.wav,1
./final_data/marathi_noised/marathi_denoised/127926_1.wav,1
./final_data/marathi_noised/marathi_denoised/127923_1.wav,1
./final_data/marathi_noised/marathi_denoised/127921_1.wav,1
./final_data/marathi_noised/marathi_denoised/127918_1.wav,1
./final_data/marathi_noised/marathi_denoised/127917_1.wav,1
./final_data/marathi_noised/marathi_denoised/127916_1.wav,1
./final_data/marathi_noised/marathi_denoised/127566_2.wav,1
./final_data/marathi_noised/marathi_denoised/127310_1.wav,1
./final_data/marathi_noised/marathi_denoised/127309_1.wav,1
./final_data/marathi_noised/marathi_denoised/127305_2.wav,1
./final_data/marathi_noised/marathi_denoised/127293_1.wav,1
./final_data/marathi_noised/marathi_denoised/128404_1.wav,1
./final_data/marathi_noised/marathi_denoised/128399_1.wav,1
./final_data/marathi_noised/marathi_denoised/128397_1.wav,1
./final_data/marathi_noised/marathi_denoised/128393_1.wav,1
./final_data/marathi_noised/marathi_denoised/128390_1.wav,1
./final_data/marathi_noised/marathi_denoised/128388_1.wav,1
./final_data/marathi_noised/marathi_denoised/128386_1.wav,1
./final_data/marathi_noised/marathi_denoised/128385_1.wav,1
./final_data/marathi_noised/marathi_denoised/128384_1.wav,1
./final_data/marathi_noised/marathi_denoised/128383_1.wav,1
./final_data/marathi_noised/marathi_denoised/128381_1.wav,1
./final_data/marathi_noised/marathi_denoised/128380_1.wav,1
./final_data/marathi_noised/marathi_denoised/128378_1.wav,1
./final_data/marathi_noised/marathi_denoised/128375_1.wav,1
./final_data/marathi_noised/marathi_denoised/128371_1.wav,1
./final_data/marathi_noised/marathi_denoised/128370_1.wav,1
./final_data/marathi_noised/marathi_denoised/128369_1.wav,1
./final_data/marathi_noised/marathi_denoised/128367_1.wav,1
./final_data/marathi_noised/marathi_denoised/128366_1.wav,1
./final_data/marathi_noised/marathi_denoised/128362_1.wav,1
./final_data/marathi_noised/marathi_denoised/127918_2.wav,1
./final_data/marathi_noised/marathi_denoised/128357_2.wav,1
./final_data/marathi_noised/marathi_denoised/128348_2.wav,1
./final_data/marathi_noised/marathi_denoised/128347_2.wav,1
./final_data/marathi_noised/marathi_denoised/128342_2.wav,1
./final_data/marathi_noised/marathi_denoised/128341_1.wav,1
./final_data/marathi_noised/marathi_denoised/128339_1.wav,1
./final_data/marathi_noised/marathi_denoised/128337_1.wav,1
./final_data/marathi_noised/marathi_denoised/128332_1.wav,1
./final_data/marathi_noised/marathi_denoised/128330_1.wav,1
./final_data/marathi_noised/marathi_denoised/128329_1.wav,1
./final_data/marathi_noised/marathi_denoised/128328_1.wav,1
./final_data/marathi_noised/marathi_denoised/128326_2.wav,1
./final_data/marathi_noised/marathi_denoised/128325_1.wav,1
./final_data/marathi_noised/marathi_denoised/128318_2.wav,1
./final_data/marathi_noised/marathi_denoised/128314_2.wav,1
./final_data/marathi_noised/marathi_denoised/128313_1.wav,1
./final_data/marathi_noised/marathi_denoised/128312_1.wav,1
./final_data/marathi_noised/marathi_denoised/128309_1.wav,1
./final_data/marathi_noised/marathi_denoised/128308_1.wav,1
./final_data/marathi_noised/marathi_denoised/128306_1.wav,1
./final_data/marathi_noised/marathi_denoised/128305_1.wav,1
./final_data/marathi_noised/marathi_denoised/128304_1.wav,1
./final_data/marathi_noised/marathi_denoised/127444_2.wav,1
./final_data/marathi_noised/marathi_denoised/127442_1.wav,1
./final_data/marathi_noised/marathi_denoised/127438_1.wav,1
./final_data/marathi_noised/marathi_denoised/127435_2.wav,1
./final_data/marathi_noised/marathi_denoised/127259_2.wav,1
./final_data/marathi_noised/marathi_denoised/128321_1.wav,1
./final_data/marathi_noised/marathi_denoised/128299_1.wav,1
./final_data/marathi_noised/marathi_denoised/128275_2.wav,1
./final_data/marathi_noised/marathi_denoised/128265_2.wav,1
./final_data/marathi_noised/marathi_denoised/128264_2.wav,1
./final_data/marathi_noised/marathi_denoised/128262_2.wav,1
./final_data/marathi_noised/marathi_denoised/127890_2.wav,1
./final_data/marathi_noised/marathi_denoised/127888_2.wav,1
./final_data/marathi_noised/marathi_denoised/127877_2.wav,1
./final_data/marathi_noised/marathi_denoised/128279_1.wav,1
./final_data/marathi_noised/marathi_denoised/128278_1.wav,1
./final_data/marathi_noised/marathi_denoised/128277_1.wav,1
./final_data/marathi_noised/marathi_denoised/128276_1.wav,1
./final_data/marathi_noised/marathi_denoised/128275_1.wav,1
./final_data/marathi_noised/marathi_denoised/128274_1.wav,1
./final_data/marathi_noised/marathi_denoised/128273_1.wav,1
./final_data/marathi_noised/marathi_denoised/128272_1.wav,1
./final_data/marathi_noised/marathi_denoised/128271_1.wav,1
./final_data/marathi_noised/marathi_denoised/128270_1.wav,1
./final_data/marathi_noised/marathi_denoised/128269_1.wav,1
./final_data/marathi_noised/marathi_denoised/128268_1.wav,1
./final_data/marathi_noised/marathi_denoised/128267_1.wav,1
./final_data/marathi_noised/marathi_denoised/128266_1.wav,1
./final_data/marathi_noised/marathi_denoised/128265_1.wav,1
./final_data/marathi_noised/marathi_denoised/128263_1.wav,1
./final_data/marathi_noised/marathi_denoised/128262_1.wav,1
./final_data/marathi_noised/marathi_denoised/128260_1.wav,1
./final_data/marathi_noised/marathi_denoised/128259_1.wav,1
./final_data/marathi_noised/marathi_denoised/128258_1.wav,1
./final_data/marathi_noised/marathi_denoised/128257_1.wav,1
./final_data/marathi_noised/marathi_denoised/128256_1.wav,1
./final_data/marathi_noised/marathi_denoised/128255_2.wav,1
./final_data/marathi_noised/marathi_denoised/128254_1.wav,1
./final_data/marathi_noised/marathi_denoised/128253_2.wav,1
./final_data/marathi_noised/marathi_denoised/128252_2.wav,1
./final_data/marathi_noised/marathi_denoised/127544_2.wav,1
./final_data/marathi_noised/marathi_denoised/127543_2.wav,1
./final_data/marathi_noised/marathi_denoised/127478_2.wav,1
./final_data/marathi_noised/marathi_denoised/127476_2.wav,1
./final_data/marathi_noised/marathi_denoised/127472_2.wav,1
./final_data/marathi_noised/marathi_denoised/127311_2.wav,1
./final_data/marathi_noised/marathi_denoised/127052_1.wav,1
./final_data/marathi_noised/marathi_denoised/127049_1.wav,1
./final_data/marathi_noised/marathi_denoised/126859_2.wav,1
./final_data/marathi_noised/marathi_denoised/126858_2.wav,1
./final_data/marathi_noised/marathi_denoised/126830_2.wav,1
./final_data/marathi_noised/marathi_denoised/128247_1.wav,1
./final_data/marathi_noised/marathi_denoised/128246_1.wav,1
./final_data/marathi_noised/marathi_denoised/128243_2.wav,1
./final_data/marathi_noised/marathi_denoised/128242_1.wav,1
./final_data/marathi_noised/marathi_denoised/128238_2.wav,1
./final_data/marathi_noised/marathi_denoised/128219_2.wav,1
./final_data/marathi_noised/marathi_denoised/128199_1.wav,1
./final_data/marathi_noised/marathi_denoised/128172_2.wav,1
./final_data/marathi_noised/marathi_denoised/128166_2.wav,1
./final_data/marathi_noised/marathi_denoised/128164_2.wav,1
./final_data/marathi_noised/marathi_denoised/127898_1.wav,1
./final_data/marathi_noised/marathi_denoised/127896_1.wav,1
./final_data/marathi_noised/marathi_denoised/127514_1.wav,1
./final_data/marathi_noised/marathi_denoised/127513_2.wav,1
./final_data/marathi_noised/marathi_denoised/127508_1.wav,1
./final_data/marathi_noised/marathi_denoised/127507_2.wav,1
./final_data/marathi_noised/marathi_denoised/127506_2.wav,1
./final_data/marathi_noised/marathi_denoised/127505_2.wav,1
./final_data/marathi_noised/marathi_denoised/127504_2.wav,1
./final_data/marathi_noised/marathi_denoised/127503_2.wav,1
./final_data/marathi_noised/marathi_denoised/127502_2.wav,1
./final_data/marathi_noised/marathi_denoised/127501_1.wav,1
./final_data/marathi_noised/marathi_denoised/127498_2.wav,1
./final_data/marathi_noised/marathi_denoised/127497_2.wav,1
./final_data/marathi_noised/marathi_denoised/127097_2.wav,1
./final_data/marathi_noised/marathi_denoised/127064_2.wav,1
./final_data/marathi_noised/marathi_denoised/127063_2.wav,1
./final_data/marathi_noised/marathi_denoised/128245_1.wav,1
./final_data/marathi_noised/marathi_denoised/128244_1.wav,1
./final_data/marathi_noised/marathi_denoised/128243_1.wav,1
./final_data/marathi_noised/marathi_denoised/128238_1.wav,1
./final_data/marathi_noised/marathi_denoised/128236_1.wav,1
./final_data/marathi_noised/marathi_denoised/128232_1.wav,1
./final_data/marathi_noised/marathi_denoised/128231_1.wav,1
./final_data/marathi_noised/marathi_denoised/128230_2.wav,1
./final_data/marathi_noised/marathi_denoised/128229_2.wav,1
./final_data/marathi_noised/marathi_denoised/128126_2.wav,1
./final_data/marathi_noised/marathi_denoised/128122_1.wav,1
./final_data/marathi_noised/marathi_denoised/128114_2.wav,1
./final_data/marathi_noised/marathi_denoised/128113_1.wav,1
./final_data/marathi_noised/marathi_denoised/128109_2.wav,1
./final_data/marathi_noised/marathi_denoised/128107_2.wav,1
./final_data/marathi_noised/marathi_denoised/128104_2.wav,1
./final_data/marathi_noised/marathi_denoised/128096_2.wav,1
./final_data/marathi_noised/marathi_denoised/128091_1.wav,1
./final_data/marathi_noised/marathi_denoised/128087_1.wav,1
./final_data/marathi_noised/marathi_denoised/128072_3.wav,1
./final_data/marathi_noised/marathi_denoised/128070_2.wav,1
./final_data/marathi_noised/marathi_denoised/128069_1.wav,1
./final_data/marathi_noised/marathi_denoised/128068_1.wav,1
./final_data/marathi_noised/marathi_denoised/128066_1.wav,1
./final_data/marathi_noised/marathi_denoised/128062_1.wav,1
./final_data/marathi_noised/marathi_denoised/128058_1.wav,1
./final_data/marathi_noised/marathi_denoised/127812_2.wav,1
./final_data/marathi_noised/marathi_denoised/127770_1.wav,1
./final_data/marathi_noised/marathi_denoised/127769_2.wav,1
./final_data/marathi_noised/marathi_denoised/127767_2.wav,1
./final_data/marathi_noised/marathi_denoised/127722_2.wav,1
./final_data/marathi_noised/marathi_denoised/127711_2.wav,1
./final_data/marathi_noised/marathi_denoised/127702_2.wav,1
./final_data/marathi_noised/marathi_denoised/128235_2.wav,1
./final_data/marathi_noised/marathi_denoised/128228_2.wav,1
./final_data/marathi_noised/marathi_denoised/128011_2.wav,1
./final_data/marathi_noised/marathi_denoised/128010_2.wav,1
./final_data/marathi_noised/marathi_denoised/128110_2.wav,1
./final_data/marathi_noised/marathi_denoised/128103_1.wav,1
./final_data/marathi_noised/marathi_denoised/128101_1.wav,1
./final_data/marathi_noised/marathi_denoised/128100_1.wav,1
./final_data/marathi_noised/marathi_denoised/128099_1.wav,1
./final_data/marathi_noised/marathi_denoised/128097_2.wav,1
./final_data/marathi_noised/marathi_denoised/128096_1.wav,1
./final_data/marathi_noised/marathi_denoised/128095_1.wav,1
./final_data/marathi_noised/marathi_denoised/128094_1.wav,1
./final_data/marathi_noised/marathi_denoised/128093_1.wav,1
./final_data/marathi_noised/marathi_denoised/128092_1.wav,1
./final_data/marathi_noised/marathi_denoised/128082_2.wav,1
./final_data/marathi_noised/marathi_denoised/127696_2.wav,1
./final_data/marathi_noised/marathi_denoised/127689_2.wav,1
./final_data/marathi_noised/marathi_denoised/127676_2.wav,1
./final_data/marathi_noised/marathi_denoised/127672_2.wav,1
./final_data/marathi_noised/marathi_denoised/127667_2.wav,1
./final_data/marathi_noised/marathi_denoised/127657_2.wav,1
./final_data/marathi_noised/marathi_denoised/127450_1.wav,1
./final_data/marathi_noised/marathi_denoised/127449_1.wav,1
./final_data/marathi_noised/marathi_denoised/127448_1.wav,1
./final_data/marathi_noised/marathi_denoised/127400_1.wav,1
./final_data/marathi_noised/marathi_denoised/127398_2.wav,1
./final_data/marathi_noised/marathi_denoised/127346_2.wav,1
./final_data/marathi_noised/marathi_denoised/127345_2.wav,1
./final_data/marathi_noised/marathi_denoised/127344_2.wav,1
./final_data/marathi_noised/marathi_denoised/127338_2.wav,1
./final_data/marathi_noised/marathi_denoised/127317_2.wav,1
./final_data/marathi_noised/marathi_denoised/127313_1.wav,1
./final_data/marathi_noised/marathi_denoised/127308_1.wav,1
./final_data/marathi_noised/marathi_denoised/127038_2.wav,1
./final_data/marathi_noised/marathi_denoised/127035_1.wav,1
./final_data/marathi_noised/marathi_denoised/127029_2.wav,1
./final_data/marathi_noised/marathi_denoised/127022_2.wav,1
./final_data/marathi_noised/marathi_denoised/127021_2.wav,1
./final_data/marathi_noised/marathi_denoised/127020_2.wav,1
./final_data/marathi_noised/marathi_denoised/127017_2.wav,1
./final_data/marathi_noised/marathi_denoised/126996_2.wav,1
./final_data/marathi_noised/marathi_denoised/126988_2.wav,1
./final_data/marathi_noised/marathi_denoised/128162_1.wav,1
./final_data/marathi_noised/marathi_denoised/128146_1.wav,1
./final_data/marathi_noised/marathi_denoised/128145_1.wav,1
./final_data/marathi_noised/marathi_denoised/128144_1.wav,1
./final_data/marathi_noised/marathi_denoised/128142_1.wav,1
./final_data/marathi_noised/marathi_denoised/128141_1.wav,1
./final_data/marathi_noised/marathi_denoised/128140_1.wav,1
./final_data/marathi_noised/marathi_denoised/128139_1.wav,1
./final_data/marathi_noised/marathi_denoised/128136_1.wav,1
./final_data/marathi_noised/marathi_denoised/128134_2.wav,1
./final_data/marathi_noised/marathi_denoised/128132_2.wav,1
./final_data/marathi_noised/marathi_denoised/128129_1.wav,1
./final_data/marathi_noised/marathi_denoised/128127_2.wav,1
./final_data/marathi_noised/marathi_denoised/128125_2.wav,1
./final_data/marathi_noised/marathi_denoised/128124_1.wav,1
./final_data/marathi_noised/marathi_denoised/128123_1.wav,1
./final_data/marathi_noised/marathi_denoised/128122_2.wav,1
./final_data/marathi_noised/marathi_denoised/128121_1.wav,1
./final_data/marathi_noised/marathi_denoised/128120_1.wav,1
./final_data/marathi_noised/marathi_denoised/128118_1.wav,1
./final_data/marathi_noised/marathi_denoised/128116_1.wav,1
./final_data/marathi_noised/marathi_denoised/128115_1.wav,1
./final_data/marathi_noised/marathi_denoised/128113_2.wav,1
./final_data/marathi_noised/marathi_denoised/128110_1.wav,1
./final_data/marathi_noised/marathi_denoised/128108_2.wav,1
./final_data/marathi_noised/marathi_denoised/128105_1.wav,1
./final_data/marathi_noised/marathi_denoised/128104_1.wav,1
./final_data/marathi_noised/marathi_denoised/128103_2.wav,1
./final_data/marathi_noised/marathi_denoised/128102_1.wav,1
./final_data/marathi_noised/marathi_denoised/128100_2.wav,1
./final_data/marathi_noised/marathi_denoised/128099_2.wav,1
./final_data/marathi_noised/marathi_denoised/128098_1.wav,1
./final_data/marathi_noised/marathi_denoised/128097_1.wav,1
./final_data/marathi_noised/marathi_denoised/128095_2.wav,1
./final_data/marathi_noised/marathi_denoised/128094_2.wav,1
./final_data/marathi_noised/marathi_denoised/128088_2.wav,1
./final_data/marathi_noised/marathi_denoised/128090_2.wav,1
./final_data/marathi_noised/marathi_denoised/128087_2.wav,1
./final_data/marathi_noised/marathi_denoised/128082_1.wav,1
./final_data/marathi_noised/marathi_denoised/128072_2.wav,1
./final_data/marathi_noised/marathi_denoised/128071_2.wav,1
./final_data/marathi_noised/marathi_denoised/128070_1.wav,1
./final_data/marathi_noised/marathi_denoised/128060_2.wav,1
./final_data/marathi_noised/marathi_denoised/128043_2.wav,1
./final_data/marathi_noised/marathi_denoised/128027_2.wav,1
./final_data/marathi_noised/marathi_denoised/128026_2.wav,1
./final_data/marathi_noised/marathi_denoised/128025_2.wav,1
./final_data/marathi_noised/marathi_denoised/128024_2.wav,1
./final_data/marathi_noised/marathi_denoised/128023_2.wav,1
./final_data/marathi_noised/marathi_denoised/127907_2.wav,1
./final_data/marathi_noised/marathi_denoised/127906_2.wav,1
./final_data/marathi_noised/marathi_denoised/127905_2.wav,1
./final_data/marathi_noised/marathi_denoised/127904_2.wav,1
./final_data/marathi_noised/marathi_denoised/127903_2.wav,1
./final_data/marathi_noised/marathi_denoised/127902_2.wav,1
./final_data/marathi_noised/marathi_denoised/127901_2.wav,1
./final_data/marathi_noised/marathi_denoised/127900_1.wav,1
./final_data/marathi_noised/marathi_denoised/127896_2.wav,1
./final_data/marathi_noised/marathi_denoised/127876_2.wav,1
./final_data/marathi_noised/marathi_denoised/127866_1.wav,1
./final_data/marathi_noised/marathi_denoised/127865_1.wav,1
./final_data/marathi_noised/marathi_denoised/127864_1.wav,1
./final_data/marathi_noised/marathi_denoised/127863_1.wav,1
./final_data/marathi_noised/marathi_denoised/127862_1.wav,1
./final_data/marathi_noised/marathi_denoised/127861_1.wav,1
./final_data/marathi_noised/marathi_denoised/127860_1.wav,1
./final_data/marathi_noised/marathi_denoised/127859_1.wav,1
./final_data/marathi_noised/marathi_denoised/127858_1.wav,1
./final_data/marathi_noised/marathi_denoised/127857_1.wav,1
./final_data/marathi_noised/marathi_denoised/127856_1.wav,1
./final_data/marathi_noised/marathi_denoised/127855_1.wav,1
./final_data/marathi_noised/marathi_denoised/127854_1.wav,1
./final_data/marathi_noised/marathi_denoised/127853_1.wav,1
./final_data/marathi_noised/marathi_denoised/127852_1.wav,1
./final_data/marathi_noised/marathi_denoised/127851_1.wav,1
./final_data/marathi_noised/marathi_denoised/127850_1.wav,1
./final_data/marathi_noised/marathi_denoised/127849_1.wav,1
./final_data/marathi_noised/marathi_denoised/127848_1.wav,1
./final_data/marathi_noised/marathi_denoised/127847_1.wav,1
./final_data/marathi_noised/marathi_denoised/127846_1.wav,1
./final_data/marathi_noised/marathi_denoised/127845_1.wav,1
./final_data/marathi_noised/marathi_denoised/127843_1.wav,1
./final_data/marathi_noised/marathi_denoised/127842_1.wav,1
./final_data/marathi_noised/marathi_denoised/127840_1.wav,1
./final_data/marathi_noised/marathi_denoised/127467_2.wav,1
./final_data/marathi_noised/marathi_denoised/127783_1.wav,1
./final_data/marathi_noised/marathi_denoised/127778_1.wav,1
./final_data/marathi_noised/marathi_denoised/127747_2.wav,1
./final_data/marathi_noised/marathi_denoised/128142_2.wav,1
./final_data/marathi_noised/marathi_denoised/128141_2.wav,1
./final_data/marathi_noised/marathi_denoised/128137_2.wav,1
./final_data/marathi_noised/marathi_denoised/128135_1.wav,1
./final_data/marathi_noised/marathi_denoised/128134_1.wav,1
./final_data/marathi_noised/marathi_denoised/128132_1.wav,1
./final_data/marathi_noised/marathi_denoised/128130_1.wav,1
./final_data/marathi_noised/marathi_denoised/128127_1.wav,1
./final_data/marathi_noised/marathi_denoised/128126_1.wav,1
./final_data/marathi_noised/marathi_denoised/128125_1.wav,1
./final_data/marathi_noised/marathi_denoised/128124_2.wav,1
./final_data/marathi_noised/marathi_denoised/128120_2.wav,1
./final_data/marathi_noised/marathi_denoised/128119_2.wav,1
./final_data/marathi_noised/marathi_denoised/128115_2.wav,1
./final_data/marathi_noised/marathi_denoised/128112_2.wav,1
./final_data/marathi_noised/marathi_denoised/128109_1.wav,1
./final_data/marathi_noised/marathi_denoised/128108_1.wav,1
./final_data/marathi_noised/marathi_denoised/128106_1.wav,1
./final_data/marathi_noised/marathi_denoised/128093_2.wav,1
./final_data/marathi_noised/marathi_denoised/128089_1.wav,1
./final_data/marathi_noised/marathi_denoised/128085_2.wav,1
./final_data/marathi_noised/marathi_denoised/128071_1.wav,1
./final_data/marathi_noised/marathi_denoised/128064_2.wav,1
./final_data/marathi_noised/marathi_denoised/128063_2.wav,1
./final_data/marathi_noised/marathi_denoised/128062_2.wav,1
./final_data/marathi_noised/marathi_denoised/128061_1.wav,1
./final_data/marathi_noised/marathi_denoised/128055_2.wav,1
./final_data/marathi_noised/marathi_denoised/128048_2.wav,1
./final_data/marathi_noised/marathi_denoised/127945_1.wav,1
./final_data/marathi_noised/marathi_denoised/127976_2.wav,1
./final_data/marathi_noised/marathi_denoised/127819_2.wav,1
./final_data/marathi_noised/marathi_denoised/127818_2.wav,1
./final_data/marathi_noised/marathi_denoised/127817_2.wav,1
./final_data/marathi_noised/marathi_denoised/127816_2.wav,1
./final_data/marathi_noised/marathi_denoised/127815_2.wav,1
./final_data/marathi_noised/marathi_denoised/127814_2.wav,1
./final_data/marathi_noised/marathi_denoised/127813_2.wav,1
./final_data/marathi_noised/marathi_denoised/127427_2.wav,1
./final_data/marathi_noised/marathi_denoised/127425_1.wav,1
./final_data/marathi_noised/marathi_denoised/127422_1.wav,1
./final_data/marathi_noised/marathi_denoised/127421_1.wav,1
./final_data/marathi_noised/marathi_denoised/127419_1.wav,1
./final_data/marathi_noised/marathi_denoised/127980_2.wav,1
./final_data/marathi_noised/marathi_denoised/127787_2.wav,1
./final_data/marathi_noised/marathi_denoised/127031_2.wav,1
./final_data/marathi_noised/marathi_denoised/127024_1.wav,1
./final_data/marathi_noised/marathi_denoised/127023_1.wav,1
./final_data/marathi_noised/marathi_denoised/127022_1.wav,1
./final_data/marathi_noised/marathi_denoised/127021_1.wav,1
./final_data/marathi_noised/marathi_denoised/127017_1.wav,1
./final_data/marathi_noised/marathi_denoised/127012_1.wav,1
./final_data/marathi_noised/marathi_denoised/127008_1.wav,1
./final_data/marathi_noised/marathi_denoised/126981_2.wav,1
./final_data/marathi_noised/marathi_denoised/126970_2.wav,1
./final_data/marathi_noised/marathi_denoised/126967_2.wav,1
./final_data/marathi_noised/marathi_denoised/126966_2.wav,1
./final_data/marathi_noised/marathi_denoised/126965_2.wav,1
./final_data/marathi_noised/marathi_denoised/126964_2.wav,1
./final_data/marathi_noised/marathi_denoised/126962_2.wav,1
./final_data/marathi_noised/marathi_denoised/127988_1.wav,1
./final_data/marathi_noised/marathi_denoised/127986_1.wav,1
./final_data/marathi_noised/marathi_denoised/127983_1.wav,1
./final_data/marathi_noised/marathi_denoised/127979_1.wav,1
./final_data/marathi_noised/marathi_denoised/127976_1.wav,1
./final_data/marathi_noised/marathi_denoised/127966_1.wav,1
./final_data/marathi_noised/marathi_denoised/127957_1.wav,1
./final_data/marathi_noised/marathi_denoised/127956_1.wav,1
./final_data/marathi_noised/marathi_denoised/127939_1.wav,1
./final_data/marathi_noised/marathi_denoised/127930_2.wav,1
./final_data/marathi_noised/marathi_denoised/127925_2.wav,1
./final_data/marathi_noised/marathi_denoised/127851_2.wav,1
./final_data/marathi_noised/marathi_denoised/127953_2.wav,1
./final_data/marathi_noised/marathi_denoised/127067_2.wav,1
./final_data/marathi_noised/marathi_denoised/127909_1.wav,1
./final_data/marathi_noised/marathi_denoised/127908_1.wav,1
./final_data/marathi_noised/marathi_denoised/127907_1.wav,1
./final_data/marathi_noised/marathi_denoised/127906_1.wav,1
./final_data/marathi_noised/marathi_denoised/127905_1.wav,1
./final_data/marathi_noised/marathi_denoised/127903_1.wav,1
./final_data/marathi_noised/marathi_denoised/127902_1.wav,1
./final_data/marathi_noised/marathi_denoised/127899_1.wav,1
./final_data/marathi_noised/marathi_denoised/127897_2.wav,1
./final_data/marathi_noised/marathi_denoised/127340_2.wav,1
./final_data/marathi_noised/marathi_denoised/127866_2.wav,1
./final_data/marathi_noised/marathi_denoised/127850_2.wav,1
./final_data/marathi_noised/marathi_denoised/127632_2.wav,1
./final_data/marathi_noised/marathi_denoised/127629_1.wav,1
./final_data/marathi_noised/marathi_denoised/127520_1.wav,1
./final_data/marathi_noised/marathi_denoised/127516_1.wav,1
./final_data/marathi_noised/marathi_denoised/127505_1.wav,1
./final_data/marathi_noised/marathi_denoised/127499_1.wav,1
./final_data/marathi_noised/marathi_denoised/127494_1.wav,1
./final_data/marathi_noised/marathi_denoised/127470_1.wav,1
./final_data/marathi_noised/marathi_denoised/127465_1.wav,1
./final_data/marathi_noised/marathi_denoised/127459_1.wav,1
./final_data/marathi_noised/marathi_denoised/127414_1.wav,1
./final_data/marathi_noised/marathi_denoised/127409_2.wav,1
./final_data/marathi_noised/marathi_denoised/127348_1.wav,1
./final_data/marathi_noised/marathi_denoised/127330_2.wav,1
./final_data/marathi_noised/marathi_denoised/127328_2.wav,1
./final_data/marathi_noised/marathi_denoised/127216_2.wav,1
./final_data/marathi_noised/marathi_denoised/127189_2.wav,1
./final_data/marathi_noised/marathi_denoised/127137_2.wav,1
./final_data/marathi_noised/marathi_denoised/127105_1.wav,1
./final_data/marathi_noised/marathi_denoised/127100_1.wav,1
./final_data/marathi_noised/marathi_denoised/127099_1.wav,1
./final_data/marathi_noised/marathi_denoised/127086_1.wav,1
./final_data/marathi_noised/marathi_denoised/127085_1.wav,1
./final_data/marathi_noised/marathi_denoised/127083_1.wav,1
./final_data/marathi_noised/marathi_denoised/127072_1.wav,1
./final_data/marathi_noised/marathi_denoised/127070_1.wav,1
./final_data/marathi_noised/marathi_denoised/127369_2.wav,1
./final_data/marathi_noised/marathi_denoised/127361_2.wav,1
./final_data/marathi_noised/marathi_denoised/127278_2.wav,1
./final_data/marathi_noised/marathi_denoised/127230_2.wav,1
./final_data/marathi_noised/marathi_denoised/127206_2.wav,1
./final_data/marathi_noised/marathi_denoised/127203_1.wav,1
./final_data/marathi_noised/marathi_denoised/127120_2.wav,1
./final_data/marathi_noised/marathi_denoised/127119_2.wav,1
./final_data/marathi_noised/marathi_denoised/127146_2.wav,1
./final_data/marathi_noised/marathi_denoised/126946_1.wav,1
./final_data/marathi_noised/marathi_denoised/126940_2.wav,1
./final_data/marathi_noised/marathi_denoised/126939_2.wav,1
./final_data/marathi_noised/marathi_denoised/126934_2.wav,1
./final_data/marathi_noised/marathi_denoised/126932_2.wav,1
./final_data/marathi_noised/marathi_denoised/126928_2.wav,1
./final_data/marathi_noised/marathi_denoised/126923_2.wav,1
./final_data/marathi_noised/marathi_denoised/126902_2.wav,1
./final_data/marathi_noised/marathi_denoised/127107_1.wav,1
./final_data/marathi_noised/marathi_denoised/126993_1.wav,1
./final_data/marathi_noised/marathi_denoised/126880_1.wav,1
./final_data/marathi_noised/marathi_denoised/126879_2.wav,1
./final_data/marathi_noised/marathi_denoised/126878_2.wav,1
./final_data/marathi_noised/marathi_denoised/126872_2.wav,1
./final_data/marathi_noised/marathi_denoised/126871_2.wav,1
./final_data/marathi_noised/marathi_denoised/126866_2.wav,1
./final_data/marathi_noised/marathi_denoised/126863_2.wav,1
./final_data/marathi_noised/marathi_denoised/126860_2.wav,1
./final_data/marathi_noised/marathi_denoised/126855_2.wav,1
./final_data/marathi_noised/marathi_denoised/126852_2.wav,1
./final_data/marathi_noised/marathi_denoised/126845_2.wav,1
./final_data/marathi_noised/marathi_denoised/126837_2.wav,1
./final_data/marathi_noised/marathi_denoised/126836_2.wav,1
./final_data/marathi_noised/marathi_denoised/126944_1.wav,1
./final_data/marathi_noised/marathi_denoised/126927_1.wav,1
./final_data/marathi_noised/marathi_denoised/126925_1.wav,1
./final_data/marathi_noised/marathi_denoised/126915_1.wav,1
./final_data/marathi_noised/marathi_denoised/126911_1.wav,1
./final_data/marathi_noised/marathi_denoised/126899_1.wav,1
./final_data/marathi_noised/marathi_denoised/126897_2.wav,1
./final_data/marathi_noised/marathi_denoised/126888_2.wav,1
./final_data/marathi_noised/marathi_denoised/126887_2.wav,1
./final_data/marathi_noised/marathi_denoised/126886_2.wav,1
./final_data/marathi_noised/marathi_denoised/126882_2.wav,1
./final_data/marathi_noised/marathi_denoised/126881_2.wav,1
./final_data/marathi_noised/marathi_denoised/126880_2.wav,1
./final_data/marathi_noised/marathi_denoised/126879_1.wav,1
./final_data/marathi_noised/marathi_denoised/126878_1.wav,1
./final_data/marathi_noised/marathi_denoised/126877_1.wav,1
./final_data/marathi_noised/marathi_denoised/126874_1.wav,1
./final_data/marathi_noised/marathi_denoised/126873_1.wav,1
./final_data/marathi_noised/marathi_denoised/126871_1.wav,1
./final_data/marathi_noised/marathi_denoised/126869_1.wav,1
./final_data/marathi_noised/marathi_denoised/126867_1.wav,1
./final_data/marathi_noised/marathi_denoised/126866_1.wav,1
./final_data/marathi_noised/marathi_denoised/126863_1.wav,1
./final_data/marathi_noised/marathi_denoised/126860_1.wav,1
./final_data/marathi_noised/marathi_denoised/126854_1.wav,1
./final_data/marathi_noised/marathi_denoised/126853_1.wav,1
./final_data/marathi_noised/marathi_denoised/126852_1.wav,1
./final_data/marathi_noised/marathi_denoised/126851_1.wav,1
./final_data/marathi_noised/marathi_denoised/126850_1.wav,1
./final_data/marathi_noised/marathi_denoised/126844_2.wav,1
./final_data/marathi_noised/marathi_denoised/126843_1.wav,1
./final_data/marathi_noised/marathi_denoised/126842_1.wav,1
./final_data/marathi_noised/marathi_denoised/126837_1.wav,1
./final_data/marathi_noised/marathi_denoised/126832_1.wav,1
./final_data/marathi_noised/marathi_denoised/126883_2.wav,1
./final_data/marathi_noised/marathi_denoised/126877_2.wav,1
./final_data/noise/CAFE-CAFE-1_trim_5s_0.wav,0
./final_data/noise/CAFE-CAFE-1_trim_5s_1.wav,0
./final_data/noise/CAFE-CAFE-1_trim_5s_2.wav,0
./final_data/noise/CAFE-CAFE-1_trim_5s_3.wav,0
./final_data/noise/CAFE-CAFE-1_trim_5s_4.wav,0
./final_data/noise/CAFE-CAFE-1_trim_5s_5.wav,0
./final_data/noise/CAFE-CAFE-1_trim_5s_6.wav,0
./final_data/noise/CAFE-CAFE-1_trim_5s_7.wav,0
./final_data/noise/CAFE-CAFE-1_trim_5s_8.wav,0
./final_data/noise/CAFE-CAFE-1_trim_5s_9.wav,0
./final_data/noise/CAFE-CAFE-1_trim_5s_10.wav,0
./final_data/noise/CAFE-CAFE-1_trim_5s_11.wav,0
./final_data/noise/CAFE-CAFE-1_trim_5s_12.wav,0
./final_data/noise/CAFE-CAFE-1_trim_5s_13.wav,0
./final_data/noise/CAFE-CAFE-1_trim_5s_14.wav,0
./final_data/noise/CAFE-CAFE-1_trim_5s_15.wav,0
./final_data/noise/CAFE-CAFE-1_trim_5s_16.wav,0
./final_data/noise/CAFE-CAFE-1_trim_5s_17.wav,0
./final_data/noise/CAFE-CAFE-1_trim_5s_18.wav,0
./final_data/noise/CAFE-CAFE-1_trim_5s_19.wav,0
./final_data/noise/CAFE-CAFE-1_trim_5s_20.wav,0
./final_data/noise/CAFE-CAFE-1_trim_5s_21.wav,0
./final_data/noise/CAFE-CAFE-1_trim_5s_22.wav,0
./final_data/noise/CAFE-CAFE-1_trim_5s_23.wav,0
./final_data/noise/CAFE-CAFE-1_trim_5s_24.wav,0
./final_data/noise/CAFE-CAFE-1_trim_5s_25.wav,0
./final_data/noise/CAFE-CAFE-1_trim_5s_26.wav,0
./final_data/noise/CAFE-CAFE-1_trim_5s_27.wav,0
./final_data/noise/CAFE-CAFE-1_trim_5s_28.wav,0
./final_data/noise/CAFE-CAFE-1_trim_5s_29.wav,0
./final_data/noise/CAFE-CAFE-1_trim_5s_30.wav,0
./final_data/noise/CAFE-CAFE-1_trim_5s_31.wav,0
./final_data/noise/CAFE-CAFE-1_trim_5s_32.wav,0
./final_data/noise/CAFE-CAFE-1_trim_5s_33.wav,0
./final_data/noise/CAFE-CAFE-1_trim_5s_34.wav,0
./final_data/noise/CAFE-CAFE-1_trim_5s_35.wav,0
./final_data/noise/CAFE-CAFE-1_trim_5s_36.wav,0
./final_data/noise/CAFE-CAFE-1_trim_5s_37.wav,0
./final_data/noise/CAFE-CAFE-1_trim_5s_38.wav,0
./final_data/noise/CAFE-CAFE-1_trim_5s_39.wav,0
./final_data/noise/CAFE-CAFE-1_trim_5s_40.wav,0
./final_data/noise/CAFE-CAFE-1_trim_5s_41.wav,0
./final_data/noise/CAFE-CAFE-1_trim_5s_42.wav,0
./final_data/noise/CAFE-CAFE-1_trim_5s_43.wav,0
./final_data/noise/CAFE-CAFE-1_trim_5s_44.wav,0
./final_data/noise/CAFE-CAFE-1_trim_5s_45.wav,0
./final_data/noise/CAFE-CAFE-1_trim_5s_46.wav,0
./final_data/noise/CAFE-CAFE-1_trim_5s_47.wav,0
./final_data/noise/CAFE-CAFE-1_trim_5s_48.wav,0
./final_data/noise/CAFE-CAFE-1_trim_5s_49.wav,0
./final_data/noise/CAFE-CAFE-1_trim_5s_50.wav,0
./final_data/noise/CAFE-CAFE-1_trim_5s_51.wav,0
./final_data/noise/CAFE-CAFE-1_trim_5s_52.wav,0
./final_data/noise/CAFE-CAFE-1_trim_5s_53.wav,0
./final_data/noise/CAFE-CAFE-1_trim_5s_54.wav,0
./final_data/noise/CAFE-CAFE-1_trim_5s_55.wav,0
./final_data/noise/CAFE-CAFE-1_trim_5s_56.wav,0
./final_data/noise/CAFE-CAFE-1_trim_5s_57.wav,0
./final_data/noise/CAFE-CAFE-1_trim_5s_58.wav,0
./final_data/noise/CAFE-CAFE-1_trim_5s_59.wav,0
./final_data/noise/CAFE-CAFE-1_trim_5s_60.wav,0
./final_data/noise/CAFE-CAFE-1_trim_5s_61.wav,0
./final_data/noise/CAFE-CAFE-1_trim_5s_62.wav,0
./final_data/noise/CAFE-CAFE-1_trim_5s_63.wav,0
./final_data/noise/CAFE-CAFE-1_trim_5s_64.wav,0
./final_data/noise/CAFE-CAFE-1_trim_5s_65.wav,0
./final_data/noise/CAFE-CAFE-1_trim_5s_66.wav,0
./final_data/noise/CAFE-CAFE-1_trim_5s_67.wav,0
./final_data/noise/CAFE-CAFE-1_trim_5s_68.wav,0
./final_data/noise/CAFE-CAFE-1_trim_5s_69.wav,0
./final_data/noise/CAFE-CAFE-1_trim_5s_70.wav,0
./final_data/noise/CAFE-CAFE-1_trim_5s_71.wav,0
./final_data/noise/CAFE-CAFE-1_trim_5s_72.wav,0
./final_data/noise/CAFE-CAFE-1_trim_5s_73.wav,0
./final_data/noise/CAFE-CAFE-1_trim_5s_74.wav,0
./final_data/noise/CAFE-CAFE-1_trim_5s_75.wav,0
./final_data/noise/CAFE-CAFE-1_trim_5s_76.wav,0
./final_data/noise/CAFE-CAFE-1_trim_5s_77.wav,0
./final_data/noise/CAFE-CAFE-1_trim_5s_78.wav,0
./final_data/noise/CAFE-CAFE-1_trim_5s_79.wav,0
./final_data/noise/CAFE-CAFE-1_trim_5s_80.wav,0
./final_data/noise/CAFE-CAFE-1_trim_5s_81.wav,0
./final_data/noise/CAFE-CAFE-1_trim_5s_82.wav,0
./final_data/noise/CAFE-CAFE-1_trim_5s_83.wav,0
./final_data/noise/CAFE-CAFE-1_trim_5s_84.wav,0
./final_data/noise/CAFE-CAFE-1_trim_5s_85.wav,0
./final_data/noise/CAFE-CAFE-1_trim_5s_86.wav,0
./final_data/noise/CAFE-CAFE-1_trim_5s_87.wav,0
./final_data/noise/CAFE-CAFE-1_trim_5s_88.wav,0
./final_data/noise/CAFE-CAFE-1_trim_5s_89.wav,0
./final_data/noise/CAFE-CAFE-1_trim_5s_90.wav,0
./final_data/noise/CAFE-CAFE-1_trim_5s_91.wav,0
./final_data/noise/CAFE-CAFE-1_trim_5s_92.wav,0
./final_data/noise/CAFE-CAFE-1_trim_5s_93.wav,0
./final_data/noise/CAFE-CAFE-1_trim_5s_94.wav,0
./final_data/noise/CAFE-CAFE-1_trim_5s_95.wav,0
./final_data/noise/CAFE-CAFE-1_trim_5s_96.wav,0
./final_data/noise/CAFE-CAFE-1_trim_5s_97.wav,0
./final_data/noise/CAFE-CAFE-1_trim_5s_98.wav,0
./final_data/noise/CAFE-CAFE-1_trim_5s_99.wav,0
./final_data/noise/CAFE-CAFE-1_trim_5s_100.wav,0
./final_data/noise/CAFE-CAFE-1_trim_5s_101.wav,0
./final_data/noise/CAFE-CAFE-1_trim_5s_102.wav,0
./final_data/noise/CAFE-CAFE-1_trim_5s_103.wav,0
./final_data/noise/CAFE-CAFE-1_trim_5s_104.wav,0
./final_data/noise/CAFE-CAFE-1_trim_5s_105.wav,0
./final_data/noise/CAFE-CAFE-1_trim_5s_106.wav,0
./final_data/noise/CAFE-CAFE-1_trim_5s_107.wav,0
./final_data/noise/CAFE-CAFE-1_trim_5s_108.wav,0
./final_data/noise/CAFE-CAFE-1_trim_5s_109.wav,0
./final_data/noise/CAFE-CAFE-1_trim_5s_110.wav,0
./final_data/noise/CAFE-CAFE-1_trim_5s_111.wav,0
./final_data/noise/CAFE-CAFE-1_trim_5s_112.wav,0
./final_data/noise/CAFE-CAFE-1_trim_5s_113.wav,0
./final_data/noise/CAFE-CAFE-1_trim_5s_114.wav,0
./final_data/noise/CAFE-CAFE-1_trim_5s_115.wav,0
./final_data/noise/CAFE-CAFE-1_trim_5s_116.wav,0
./final_data/noise/CAFE-CAFE-1_trim_5s_117.wav,0
./final_data/noise/CAFE-CAFE-1_trim_5s_118.wav,0
./final_data/noise/CAFE-CAFE-1_trim_5s_119.wav,0
./final_data/noise/CAFE-CAFE-1_trim_5s_120.wav,0
./final_data/noise/CAFE-CAFE-1_trim_5s_121.wav,0
./final_data/noise/CAFE-CAFE-1_trim_5s_122.wav,0
./final_data/noise/CAFE-CAFE-1_trim_5s_123.wav,0
./final_data/noise/CAFE-CAFE-1_trim_5s_124.wav,0
./final_data/noise/CAFE-CAFE-1_trim_5s_125.wav,0
./final_data/noise/CAFE-CAFE-1_trim_5s_126.wav,0
./final_data/noise/CAFE-CAFE-1_trim_5s_127.wav,0
./final_data/noise/CAFE-CAFE-1_trim_5s_128.wav,0
./final_data/noise/CAFE-CAFE-1_trim_5s_129.wav,0
./final_data/noise/CAFE-CAFE-1_trim_5s_130.wav,0
./final_data/noise/CAFE-CAFE-1_trim_5s_131.wav,0
./final_data/noise/CAFE-CAFE-1_trim_5s_132.wav,0
./final_data/noise/CAFE-CAFE-1_trim_5s_133.wav,0
./final_data/noise/CAFE-CAFE-1_trim_5s_134.wav,0
./final_data/noise/CAFE-CAFE-1_trim_5s_135.wav,0
./final_data/noise/CAFE-CAFE-1_trim_5s_136.wav,0
./final_data/noise/CAFE-CAFE-1_trim_5s_137.wav,0
./final_data/noise/CAFE-CAFE-1_trim_5s_138.wav,0
./final_data/noise/CAFE-CAFE-1_trim_5s_139.wav,0
./final_data/noise/CAFE-CAFE-1_trim_5s_140.wav,0
./final_data/noise/CAFE-CAFE-1_trim_5s_141.wav,0
./final_data/noise/CAFE-CAFE-1_trim_5s_142.wav,0
./final_data/noise/CAFE-CAFE-1_trim_5s_143.wav,0
./final_data/noise/CAFE-CAFE-1_trim_5s_144.wav,0
./final_data/noise/CAFE-CAFE-1_trim_5s_145.wav,0
./final_data/noise/CAFE-CAFE-1_trim_5s_146.wav,0
./final_data/noise/CAFE-CAFE-1_trim_5s_147.wav,0
./final_data/noise/CAFE-CAFE-1_trim_5s_148.wav,0
./final_data/noise/CAFE-CAFE-1_trim_5s_149.wav,0
./final_data/noise/CAFE-CAFE-1_trim_5s_150.wav,0
./final_data/noise/STREET-CITY-2_trim_5s_0.wav,0
./final_data/noise/STREET-CITY-2_trim_5s_1.wav,0
./final_data/noise/STREET-CITY-2_trim_5s_2.wav,0
./final_data/noise/STREET-CITY-2_trim_5s_3.wav,0
./final_data/noise/STREET-CITY-2_trim_5s_4.wav,0
./final_data/noise/STREET-CITY-2_trim_5s_5.wav,0
./final_data/noise/STREET-CITY-2_trim_5s_6.wav,0
./final_data/noise/STREET-CITY-2_trim_5s_7.wav,0
./final_data/noise/STREET-CITY-2_trim_5s_8.wav,0
./final_data/noise/STREET-CITY-2_trim_5s_9.wav,0
./final_data/noise/STREET-CITY-2_trim_5s_10.wav,0
./final_data/noise/STREET-CITY-2_trim_5s_11.wav,0
./final_data/noise/STREET-CITY-2_trim_5s_12.wav,0
./final_data/noise/STREET-CITY-2_trim_5s_13.wav,0
./final_data/noise/STREET-CITY-2_trim_5s_14.wav,0
./final_data/noise/STREET-CITY-2_trim_5s_15.wav,0
./final_data/noise/STREET-CITY-2_trim_5s_16.wav,0
./final_data/noise/STREET-CITY-2_trim_5s_17.wav,0
./final_data/noise/STREET-CITY-2_trim_5s_18.wav,0
./final_data/noise/STREET-CITY-2_trim_5s_19.wav,0
./final_data/noise/STREET-CITY-2_trim_5s_20.wav,0
./final_data/noise/STREET-CITY-2_trim_5s_21.wav,0
./final_data/noise/STREET-CITY-2_trim_5s_22.wav,0
./final_data/noise/STREET-CITY-2_trim_5s_23.wav,0
./final_data/noise/STREET-CITY-2_trim_5s_24.wav,0
./final_data/noise/STREET-CITY-2_trim_5s_25.wav,0
./final_data/noise/STREET-CITY-2_trim_5s_26.wav,0
./final_data/noise/STREET-CITY-2_trim_5s_27.wav,0
./final_data/noise/STREET-CITY-2_trim_5s_28.wav,0
./final_data/noise/STREET-CITY-2_trim_5s_29.wav,0
./final_data/noise/STREET-CITY-2_trim_5s_30.wav,0
./final_data/noise/STREET-CITY-2_trim_5s_31.wav,0
./final_data/noise/STREET-CITY-2_trim_5s_32.wav,0
./final_data/noise/STREET-CITY-2_trim_5s_33.wav,0
./final_data/noise/STREET-CITY-2_trim_5s_34.wav,0
./final_data/noise/STREET-CITY-2_trim_5s_35.wav,0
./final_data/noise/STREET-CITY-2_trim_5s_36.wav,0
./final_data/noise/STREET-CITY-2_trim_5s_37.wav,0
./final_data/noise/STREET-CITY-2_trim_5s_38.wav,0
./final_data/noise/STREET-CITY-2_trim_5s_39.wav,0
./final_data/noise/STREET-CITY-2_trim_5s_40.wav,0
./final_data/noise/STREET-CITY-2_trim_5s_41.wav,0
./final_data/noise/STREET-CITY-2_trim_5s_42.wav,0
./final_data/noise/STREET-CITY-2_trim_5s_43.wav,0
./final_data/noise/STREET-CITY-2_trim_5s_44.wav,0
./final_data/noise/STREET-CITY-2_trim_5s_45.wav,0
./final_data/noise/STREET-CITY-2_trim_5s_46.wav,0
./final_data/noise/STREET-CITY-2_trim_5s_47.wav,0
./final_data/noise/STREET-CITY-2_trim_5s_48.wav,0
./final_data/noise/STREET-CITY-2_trim_5s_49.wav,0
./final_data/noise/STREET-CITY-2_trim_5s_50.wav,0
./final_data/noise/STREET-CITY-2_trim_5s_51.wav,0
./final_data/noise/STREET-CITY-2_trim_5s_52.wav,0
./final_data/noise/STREET-CITY-2_trim_5s_53.wav,0
./final_data/noise/STREET-CITY-2_trim_5s_54.wav,0
./final_data/noise/STREET-CITY-2_trim_5s_55.wav,0
./final_data/noise/STREET-CITY-2_trim_5s_56.wav,0
./final_data/noise/STREET-CITY-2_trim_5s_57.wav,0
./final_data/noise/STREET-CITY-2_trim_5s_58.wav,0
./final_data/noise/STREET-CITY-2_trim_5s_59.wav,0
./final_data/noise/STREET-CITY-2_trim_5s_60.wav,0
./final_data/noise/STREET-CITY-2_trim_5s_61.wav,0
./final_data/noise/STREET-CITY-2_trim_5s_62.wav,0
./final_data/noise/STREET-CITY-2_trim_5s_63.wav,0
./final_data/noise/STREET-CITY-2_trim_5s_64.wav,0
./final_data/noise/STREET-CITY-2_trim_5s_65.wav,0
./final_data/noise/STREET-CITY-2_trim_5s_66.wav,0
./final_data/noise/STREET-CITY-2_trim_5s_67.wav,0
./final_data/noise/STREET-CITY-2_trim_5s_68.wav,0
./final_data/noise/STREET-CITY-2_trim_5s_69.wav,0
./final_data/noise/STREET-CITY-2_trim_5s_70.wav,0
./final_data/noise/STREET-CITY-2_trim_5s_71.wav,0
./final_data/noise/STREET-CITY-2_trim_5s_72.wav,0
./final_data/noise/STREET-CITY-2_trim_5s_73.wav,0
./final_data/noise/STREET-CITY-2_trim_5s_74.wav,0
./final_data/noise/STREET-CITY-2_trim_5s_75.wav,0
./final_data/noise/STREET-CITY-2_trim_5s_76.wav,0
./final_data/noise/STREET-CITY-2_trim_5s_77.wav,0
./final_data/noise/STREET-CITY-2_trim_5s_78.wav,0
./final_data/noise/STREET-CITY-2_trim_5s_79.wav,0
./final_data/noise/STREET-CITY-2_trim_5s_80.wav,0
./final_data/noise/STREET-CITY-2_trim_5s_81.wav,0
./final_data/noise/STREET-CITY-2_trim_5s_82.wav,0
./final_data/noise/STREET-CITY-2_trim_5s_83.wav,0
./final_data/noise/STREET-CITY-2_trim_5s_84.wav,0
./final_data/noise/STREET-CITY-2_trim_5s_85.wav,0
./final_data/noise/STREET-CITY-2_trim_5s_86.wav,0
./final_data/noise/STREET-CITY-2_trim_5s_87.wav,0
./final_data/noise/STREET-CITY-2_trim_5s_88.wav,0
./final_data/noise/STREET-CITY-2_trim_5s_89.wav,0
./final_data/noise/STREET-CITY-2_trim_5s_90.wav,0
./final_data/noise/STREET-CITY-2_trim_5s_91.wav,0
./final_data/noise/STREET-CITY-2_trim_5s_92.wav,0
./final_data/noise/STREET-CITY-2_trim_5s_93.wav,0
./final_data/noise/STREET-CITY-2_trim_5s_94.wav,0
./final_data/noise/STREET-CITY-2_trim_5s_95.wav,0
./final_data/noise/STREET-CITY-2_trim_5s_96.wav,0
./final_data/noise/STREET-CITY-2_trim_5s_97.wav,0
./final_data/noise/STREET-CITY-2_trim_5s_98.wav,0
./final_data/noise/STREET-CITY-2_trim_5s_99.wav,0
./final_data/noise/STREET-CITY-2_trim_5s_100.wav,0
./final_data/noise/STREET-CITY-2_trim_5s_101.wav,0
./final_data/noise/STREET-CITY-2_trim_5s_102.wav,0
./final_data/noise/STREET-CITY-2_trim_5s_103.wav,0
./final_data/noise/STREET-CITY-2_trim_5s_104.wav,0
./final_data/noise/STREET-CITY-2_trim_5s_105.wav,0
./final_data/noise/STREET-CITY-2_trim_5s_106.wav,0
./final_data/noise/STREET-CITY-2_trim_5s_107.wav,0
./final_data/noise/STREET-CITY-2_trim_5s_108.wav,0
./final_data/noise/STREET-CITY-2_trim_5s_109.wav,0
./final_data/noise/STREET-CITY-2_trim_5s_110.wav,0
./final_data/noise/STREET-CITY-2_trim_5s_111.wav,0
./final_data/noise/STREET-CITY-2_trim_5s_112.wav,0
./final_data/noise/STREET-CITY-2_trim_5s_113.wav,0
./final_data/noise/STREET-CITY-2_trim_5s_114.wav,0
./final_data/noise/STREET-CITY-2_trim_5s_115.wav,0
./final_data/noise/STREET-CITY-2_trim_5s_116.wav,0
./final_data/noise/STREET-CITY-2_trim_5s_117.wav,0
./final_data/noise/STREET-CITY-2_trim_5s_118.wav,0
./final_data/noise/STREET-CITY-2_trim_5s_119.wav,0
./final_data/noise/STREET-CITY-2_trim_5s_120.wav,0
./final_data/noise/STREET-CITY-2_trim_5s_121.wav,0
./final_data/noise/STREET-CITY-2_trim_5s_122.wav,0
./final_data/noise/STREET-CITY-2_trim_5s_123.wav,0
./final_data/noise/STREET-CITY-2_trim_5s_124.wav,0
./final_data/noise/STREET-CITY-2_trim_5s_125.wav,0
./final_data/noise/STREET-CITY-2_trim_5s_126.wav,0
./final_data/noise/STREET-CITY-2_trim_5s_127.wav,0
./final_data/noise/STREET-CITY-2_trim_5s_128.wav,0
./final_data/noise/STREET-CITY-2_trim_5s_129.wav,0
./final_data/noise/STREET-CITY-2_trim_5s_130.wav,0
./final_data/noise/STREET-CITY-2_trim_5s_131.wav,0
./final_data/noise/STREET-CITY-2_trim_5s_132.wav,0
./final_data/noise/STREET-CITY-2_trim_5s_133.wav,0
./final_data/noise/STREET-CITY-2_trim_5s_134.wav,0
./final_data/noise/STREET-CITY-2_trim_5s_135.wav,0
./final_data/noise/STREET-CITY-2_trim_5s_136.wav,0
./final_data/noise/STREET-CITY-2_trim_5s_137.wav,0
./final_data/noise/STREET-CITY-2_trim_5s_138.wav,0
./final_data/noise/STREET-CITY-2_trim_5s_139.wav,0
./final_data/noise/STREET-CITY-2_trim_5s_140.wav,0
./final_data/noise/STREET-CITY-2_trim_5s_141.wav,0
./final_data/noise/STREET-CITY-2_trim_5s_142.wav,0
./final_data/noise/STREET-CITY-2_trim_5s_143.wav,0
./final_data/noise/STREET-CITY-2_trim_5s_144.wav,0
./final_data/noise/STREET-CITY-2_trim_5s_145.wav,0
./final_data/noise/STREET-CITY-2_trim_5s_146.wav,0
./final_data/noise/STREET-CITY-2_trim_5s_147.wav,0
./final_data/noise/STREET-CITY-2_trim_5s_148.wav,0
./final_data/noise/STREET-CITY-2_trim_5s_149.wav,0
./final_data/noise/STREET-CITY-2_trim_5s_150.wav,0
./final_data/noise/HOME-KITCHEN-1_trim_5s_0.wav,0
./final_data/noise/HOME-KITCHEN-1_trim_5s_1.wav,0
./final_data/noise/HOME-KITCHEN-1_trim_5s_2.wav,0
./final_data/noise/HOME-KITCHEN-1_trim_5s_3.wav,0
./final_data/noise/HOME-KITCHEN-1_trim_5s_4.wav,0
./final_data/noise/HOME-KITCHEN-1_trim_5s_5.wav,0
./final_data/noise/HOME-KITCHEN-1_trim_5s_6.wav,0
./final_data/noise/HOME-KITCHEN-1_trim_5s_7.wav,0
./final_data/noise/HOME-KITCHEN-1_trim_5s_8.wav,0
./final_data/noise/HOME-KITCHEN-1_trim_5s_9.wav,0
./final_data/noise/HOME-KITCHEN-1_trim_5s_10.wav,0
./final_data/noise/HOME-KITCHEN-1_trim_5s_11.wav,0
./final_data/noise/HOME-KITCHEN-1_trim_5s_12.wav,0
./final_data/noise/HOME-KITCHEN-1_trim_5s_13.wav,0
./final_data/noise/HOME-KITCHEN-1_trim_5s_14.wav,0
./final_data/noise/HOME-KITCHEN-1_trim_5s_15.wav,0
./final_data/noise/HOME-KITCHEN-1_trim_5s_16.wav,0
./final_data/noise/HOME-KITCHEN-1_trim_5s_17.wav,0
./final_data/noise/HOME-KITCHEN-1_trim_5s_18.wav,0
./final_data/noise/HOME-KITCHEN-1_trim_5s_19.wav,0
./final_data/noise/HOME-KITCHEN-1_trim_5s_20.wav,0
./final_data/noise/HOME-KITCHEN-1_trim_5s_21.wav,0
./final_data/noise/HOME-KITCHEN-1_trim_5s_22.wav,0
./final_data/noise/HOME-KITCHEN-1_trim_5s_23.wav,0
./final_data/noise/HOME-KITCHEN-1_trim_5s_24.wav,0
./final_data/noise/HOME-KITCHEN-1_trim_5s_25.wav,0
./final_data/noise/HOME-KITCHEN-1_trim_5s_26.wav,0
./final_data/noise/HOME-KITCHEN-1_trim_5s_27.wav,0
./final_data/noise/HOME-KITCHEN-1_trim_5s_28.wav,0
./final_data/noise/HOME-KITCHEN-1_trim_5s_29.wav,0
./final_data/noise/HOME-KITCHEN-1_trim_5s_30.wav,0
./final_data/noise/HOME-KITCHEN-1_trim_5s_31.wav,0
./final_data/noise/HOME-KITCHEN-1_trim_5s_32.wav,0
./final_data/noise/HOME-KITCHEN-1_trim_5s_33.wav,0
./final_data/noise/HOME-KITCHEN-1_trim_5s_34.wav,0
./final_data/noise/HOME-KITCHEN-1_trim_5s_35.wav,0
./final_data/noise/HOME-KITCHEN-1_trim_5s_36.wav,0
./final_data/noise/HOME-KITCHEN-1_trim_5s_37.wav,0
./final_data/noise/HOME-KITCHEN-1_trim_5s_38.wav,0
./final_data/noise/HOME-KITCHEN-1_trim_5s_39.wav,0
./final_data/noise/HOME-KITCHEN-1_trim_5s_40.wav,0
./final_data/noise/HOME-KITCHEN-1_trim_5s_41.wav,0
./final_data/noise/HOME-KITCHEN-1_trim_5s_42.wav,0
./final_data/noise/HOME-KITCHEN-1_trim_5s_43.wav,0
./final_data/noise/HOME-KITCHEN-1_trim_5s_44.wav,0
./final_data/noise/HOME-KITCHEN-1_trim_5s_45.wav,0
./final_data/noise/HOME-KITCHEN-1_trim_5s_46.wav,0
./final_data/noise/HOME-KITCHEN-1_trim_5s_47.wav,0
./final_data/noise/HOME-KITCHEN-1_trim_5s_48.wav,0
./final_data/noise/HOME-KITCHEN-1_trim_5s_49.wav,0
./final_data/noise/HOME-KITCHEN-1_trim_5s_50.wav,0
./final_data/noise/HOME-KITCHEN-1_trim_5s_51.wav,0
./final_data/noise/HOME-KITCHEN-1_trim_5s_52.wav,0
./final_data/noise/HOME-KITCHEN-1_trim_5s_53.wav,0
./final_data/noise/HOME-KITCHEN-1_trim_5s_54.wav,0
./final_data/noise/HOME-KITCHEN-1_trim_5s_55.wav,0
./final_data/noise/HOME-KITCHEN-1_trim_5s_56.wav,0
./final_data/noise/HOME-KITCHEN-1_trim_5s_57.wav,0
./final_data/noise/HOME-KITCHEN-1_trim_5s_58.wav,0
./final_data/noise/HOME-KITCHEN-1_trim_5s_59.wav,0
./final_data/noise/HOME-KITCHEN-1_trim_5s_60.wav,0
./final_data/noise/HOME-KITCHEN-1_trim_5s_61.wav,0
./final_data/noise/HOME-KITCHEN-1_trim_5s_62.wav,0
./final_data/noise/HOME-KITCHEN-1_trim_5s_63.wav,0
./final_data/noise/HOME-KITCHEN-1_trim_5s_64.wav,0
./final_data/noise/HOME-KITCHEN-1_trim_5s_65.wav,0
./final_data/noise/HOME-KITCHEN-1_trim_5s_66.wav,0
./final_data/noise/HOME-KITCHEN-1_trim_5s_67.wav,0
./final_data/noise/HOME-KITCHEN-1_trim_5s_68.wav,0
./final_data/noise/HOME-KITCHEN-1_trim_5s_69.wav,0
./final_data/noise/HOME-KITCHEN-1_trim_5s_70.wav,0
./final_data/noise/HOME-KITCHEN-1_trim_5s_71.wav,0
./final_data/noise/HOME-KITCHEN-1_trim_5s_72.wav,0
./final_data/noise/HOME-KITCHEN-1_trim_5s_73.wav,0
./final_data/noise/HOME-KITCHEN-1_trim_5s_74.wav,0
./final_data/noise/HOME-KITCHEN-1_trim_5s_75.wav,0
./final_data/noise/HOME-KITCHEN-1_trim_5s_76.wav,0
./final_data/noise/HOME-KITCHEN-1_trim_5s_77.wav,0
./final_data/noise/HOME-KITCHEN-1_trim_5s_78.wav,0
./final_data/noise/HOME-KITCHEN-1_trim_5s_79.wav,0
./final_data/noise/HOME-KITCHEN-1_trim_5s_80.wav,0
./final_data/noise/HOME-KITCHEN-1_trim_5s_81.wav,0
./final_data/noise/HOME-KITCHEN-1_trim_5s_82.wav,0
./final_data/noise/HOME-KITCHEN-1_trim_5s_83.wav,0
./final_data/noise/HOME-KITCHEN-1_trim_5s_84.wav,0
./final_data/noise/HOME-KITCHEN-1_trim_5s_85.wav,0
./final_data/noise/HOME-KITCHEN-1_trim_5s_86.wav,0
./final_data/noise/HOME-KITCHEN-1_trim_5s_87.wav,0
./final_data/noise/HOME-KITCHEN-1_trim_5s_88.wav,0
./final_data/noise/HOME-KITCHEN-1_trim_5s_89.wav,0
./final_data/noise/HOME-KITCHEN-1_trim_5s_90.wav,0
./final_data/noise/HOME-KITCHEN-1_trim_5s_91.wav,0
./final_data/noise/HOME-KITCHEN-1_trim_5s_92.wav,0
./final_data/noise/HOME-KITCHEN-1_trim_5s_93.wav,0
./final_data/noise/HOME-KITCHEN-1_trim_5s_94.wav,0
./final_data/noise/HOME-KITCHEN-1_trim_5s_95.wav,0
./final_data/noise/HOME-KITCHEN-1_trim_5s_96.wav,0
./final_data/noise/HOME-KITCHEN-1_trim_5s_97.wav,0
./final_data/noise/HOME-KITCHEN-1_trim_5s_98.wav,0
./final_data/noise/HOME-KITCHEN-1_trim_5s_99.wav,0
./final_data/noise/HOME-KITCHEN-1_trim_5s_100.wav,0
./final_data/noise/HOME-KITCHEN-1_trim_5s_101.wav,0
./final_data/noise/HOME-KITCHEN-1_trim_5s_102.wav,0
./final_data/noise/HOME-KITCHEN-1_trim_5s_103.wav,0
./final_data/noise/HOME-KITCHEN-1_trim_5s_104.wav,0
./final_data/noise/HOME-KITCHEN-1_trim_5s_105.wav,0
./final_data/noise/HOME-KITCHEN-1_trim_5s_106.wav,0
./final_data/noise/HOME-KITCHEN-1_trim_5s_107.wav,0
./final_data/noise/HOME-KITCHEN-1_trim_5s_108.wav,0
./final_data/noise/HOME-KITCHEN-1_trim_5s_109.wav,0
./final_data/noise/HOME-KITCHEN-1_trim_5s_110.wav,0
./final_data/noise/HOME-KITCHEN-1_trim_5s_111.wav,0
./final_data/noise/HOME-KITCHEN-1_trim_5s_112.wav,0
./final_data/noise/HOME-KITCHEN-1_trim_5s_113.wav,0
./final_data/noise/HOME-KITCHEN-1_trim_5s_114.wav,0
./final_data/noise/HOME-KITCHEN-1_trim_5s_115.wav,0
./final_data/noise/HOME-KITCHEN-1_trim_5s_116.wav,0
./final_data/noise/HOME-KITCHEN-1_trim_5s_117.wav,0
./final_data/noise/HOME-KITCHEN-1_trim_5s_118.wav,0
./final_data/noise/HOME-KITCHEN-1_trim_5s_119.wav,0
./final_data/noise/HOME-KITCHEN-1_trim_5s_120.wav,0
./final_data/noise/HOME-KITCHEN-1_trim_5s_121.wav,0
./final_data/noise/HOME-KITCHEN-1_trim_5s_122.wav,0
./final_data/noise/HOME-KITCHEN-1_trim_5s_123.wav,0
./final_data/noise/HOME-KITCHEN-1_trim_5s_124.wav,0
./final_data/noise/HOME-KITCHEN-1_trim_5s_125.wav,0
./final_data/noise/HOME-KITCHEN-1_trim_5s_126.wav,0
./final_data/noise/HOME-KITCHEN-1_trim_5s_127.wav,0
./final_data/noise/HOME-KITCHEN-1_trim_5s_128.wav,0
./final_data/noise/HOME-KITCHEN-1_trim_5s_129.wav,0
./final_data/noise/HOME-KITCHEN-1_trim_5s_130.wav,0
./final_data/noise/HOME-KITCHEN-1_trim_5s_131.wav,0
./final_data/noise/HOME-KITCHEN-1_trim_5s_132.wav,0
./final_data/noise/HOME-KITCHEN-1_trim_5s_133.wav,0
./final_data/noise/HOME-KITCHEN-1_trim_5s_134.wav,0
./final_data/noise/HOME-KITCHEN-1_trim_5s_135.wav,0
./final_data/noise/HOME-KITCHEN-1_trim_5s_136.wav,0
./final_data/noise/HOME-KITCHEN-1_trim_5s_137.wav,0
./final_data/noise/HOME-KITCHEN-1_trim_5s_138.wav,0
./final_data/noise/HOME-KITCHEN-1_trim_5s_139.wav,0
./final_data/noise/HOME-KITCHEN-1_trim_5s_140.wav,0
./final_data/noise/HOME-KITCHEN-1_trim_5s_141.wav,0
./final_data/noise/HOME-KITCHEN-1_trim_5s_142.wav,0
./final_data/noise/HOME-KITCHEN-1_trim_5s_143.wav,0
./final_data/noise/HOME-KITCHEN-1_trim_5s_144.wav,0
./final_data/noise/HOME-KITCHEN-1_trim_5s_145.wav,0
./final_data/noise/HOME-KITCHEN-1_trim_5s_146.wav,0
./final_data/noise/HOME-KITCHEN-1_trim_5s_147.wav,0
./final_data/noise/HOME-KITCHEN-1_trim_5s_148.wav,0
./final_data/noise/HOME-KITCHEN-1_trim_5s_149.wav,0
./final_data/noise/HOME-KITCHEN-1_trim_5s_150.wav,0
./final_data/noise/HOME-LIVINGB-2_trim_5s_0.wav,0
./final_data/noise/HOME-LIVINGB-2_trim_5s_1.wav,0
./final_data/noise/HOME-LIVINGB-2_trim_5s_2.wav,0
./final_data/noise/HOME-LIVINGB-2_trim_5s_3.wav,0
./final_data/noise/HOME-LIVINGB-2_trim_5s_4.wav,0
./final_data/noise/HOME-LIVINGB-2_trim_5s_5.wav,0
./final_data/noise/HOME-LIVINGB-2_trim_5s_6.wav,0
./final_data/noise/HOME-LIVINGB-2_trim_5s_7.wav,0
./final_data/noise/HOME-LIVINGB-2_trim_5s_8.wav,0
./final_data/noise/HOME-LIVINGB-2_trim_5s_9.wav,0
./final_data/noise/HOME-LIVINGB-2_trim_5s_10.wav,0
./final_data/noise/HOME-LIVINGB-2_trim_5s_11.wav,0
./final_data/noise/HOME-LIVINGB-2_trim_5s_12.wav,0
./final_data/noise/HOME-LIVINGB-2_trim_5s_13.wav,0
./final_data/noise/HOME-LIVINGB-2_trim_5s_14.wav,0
./final_data/noise/HOME-LIVINGB-2_trim_5s_15.wav,0
./final_data/noise/HOME-LIVINGB-2_trim_5s_16.wav,0
./final_data/noise/HOME-LIVINGB-2_trim_5s_17.wav,0
./final_data/noise/HOME-LIVINGB-2_trim_5s_18.wav,0
./final_data/noise/HOME-LIVINGB-2_trim_5s_19.wav,0
./final_data/noise/HOME-LIVINGB-2_trim_5s_20.wav,0
./final_data/noise/HOME-LIVINGB-2_trim_5s_21.wav,0
./final_data/noise/HOME-LIVINGB-2_trim_5s_22.wav,0
./final_data/noise/HOME-LIVINGB-2_trim_5s_23.wav,0
./final_data/noise/HOME-LIVINGB-2_trim_5s_24.wav,0
./final_data/noise/HOME-LIVINGB-2_trim_5s_25.wav,0
./final_data/noise/HOME-LIVINGB-2_trim_5s_26.wav,0
./final_data/noise/HOME-LIVINGB-2_trim_5s_27.wav,0
./final_data/noise/HOME-LIVINGB-2_trim_5s_28.wav,0
./final_data/noise/HOME-LIVINGB-2_trim_5s_29.wav,0
./final_data/noise/HOME-LIVINGB-2_trim_5s_30.wav,0
./final_data/noise/HOME-LIVINGB-2_trim_5s_31.wav,0
./final_data/noise/HOME-LIVINGB-2_trim_5s_32.wav,0
./final_data/noise/HOME-LIVINGB-2_trim_5s_33.wav,0
./final_data/noise/HOME-LIVINGB-2_trim_5s_34.wav,0
./final_data/noise/HOME-LIVINGB-2_trim_5s_35.wav,0
./final_data/noise/HOME-LIVINGB-2_trim_5s_36.wav,0
./final_data/noise/HOME-LIVINGB-2_trim_5s_37.wav,0
./final_data/noise/HOME-LIVINGB-2_trim_5s_38.wav,0
./final_data/noise/HOME-LIVINGB-2_trim_5s_39.wav,0
./final_data/noise/HOME-LIVINGB-2_trim_5s_40.wav,0
./final_data/noise/HOME-LIVINGB-2_trim_5s_41.wav,0
./final_data/noise/HOME-LIVINGB-2_trim_5s_42.wav,0
./final_data/noise/HOME-LIVINGB-2_trim_5s_43.wav,0
./final_data/noise/HOME-LIVINGB-2_trim_5s_44.wav,0
./final_data/noise/HOME-LIVINGB-2_trim_5s_45.wav,0
./final_data/noise/HOME-LIVINGB-2_trim_5s_46.wav,0
./final_data/noise/HOME-LIVINGB-2_trim_5s_47.wav,0
./final_data/noise/HOME-LIVINGB-2_trim_5s_48.wav,0
./final_data/noise/HOME-LIVINGB-2_trim_5s_49.wav,0
./final_data/noise/HOME-LIVINGB-2_trim_5s_50.wav,0
./final_data/noise/HOME-LIVINGB-2_trim_5s_51.wav,0
./final_data/noise/HOME-LIVINGB-2_trim_5s_52.wav,0
./final_data/noise/HOME-LIVINGB-2_trim_5s_53.wav,0
./final_data/noise/HOME-LIVINGB-2_trim_5s_54.wav,0
./final_data/noise/HOME-LIVINGB-2_trim_5s_55.wav,0
./final_data/noise/HOME-LIVINGB-2_trim_5s_56.wav,0
./final_data/noise/HOME-LIVINGB-2_trim_5s_57.wav,0
./final_data/noise/HOME-LIVINGB-2_trim_5s_58.wav,0
./final_data/noise/HOME-LIVINGB-2_trim_5s_59.wav,0
./final_data/noise/HOME-LIVINGB-2_trim_5s_60.wav,0
./final_data/noise/HOME-LIVINGB-2_trim_5s_61.wav,0
./final_data/noise/HOME-LIVINGB-2_trim_5s_62.wav,0
./final_data/noise/HOME-LIVINGB-2_trim_5s_63.wav,0
./final_data/noise/HOME-LIVINGB-2_trim_5s_64.wav,0
./final_data/noise/HOME-LIVINGB-2_trim_5s_65.wav,0
./final_data/noise/HOME-LIVINGB-2_trim_5s_66.wav,0
./final_data/noise/HOME-LIVINGB-2_trim_5s_67.wav,0
./final_data/noise/HOME-LIVINGB-2_trim_5s_68.wav,0
./final_data/noise/HOME-LIVINGB-2_trim_5s_69.wav,0
./final_data/noise/HOME-LIVINGB-2_trim_5s_70.wav,0
./final_data/noise/HOME-LIVINGB-2_trim_5s_71.wav,0
./final_data/noise/HOME-LIVINGB-2_trim_5s_72.wav,0
./final_data/noise/HOME-LIVINGB-2_trim_5s_73.wav,0
./final_data/noise/HOME-LIVINGB-2_trim_5s_74.wav,0
./final_data/noise/HOME-LIVINGB-2_trim_5s_75.wav,0
./final_data/noise/HOME-LIVINGB-2_trim_5s_76.wav,0
./final_data/noise/HOME-LIVINGB-2_trim_5s_77.wav,0
./final_data/noise/HOME-LIVINGB-2_trim_5s_78.wav,0
./final_data/noise/HOME-LIVINGB-2_trim_5s_79.wav,0
./final_data/noise/HOME-LIVINGB-2_trim_5s_80.wav,0
./final_data/noise/HOME-LIVINGB-2_trim_5s_81.wav,0
./final_data/noise/HOME-LIVINGB-2_trim_5s_82.wav,0
./final_data/noise/HOME-LIVINGB-2_trim_5s_83.wav,0
./final_data/noise/HOME-LIVINGB-2_trim_5s_84.wav,0
./final_data/noise/HOME-LIVINGB-2_trim_5s_85.wav,0
./final_data/noise/HOME-LIVINGB-2_trim_5s_86.wav,0
./final_data/noise/HOME-LIVINGB-2_trim_5s_87.wav,0
./final_data/noise/HOME-LIVINGB-2_trim_5s_88.wav,0
./final_data/noise/HOME-LIVINGB-2_trim_5s_89.wav,0
./final_data/noise/HOME-LIVINGB-2_trim_5s_90.wav,0
./final_data/noise/HOME-LIVINGB-2_trim_5s_91.wav,0
./final_data/noise/HOME-LIVINGB-2_trim_5s_92.wav,0
./final_data/noise/HOME-LIVINGB-2_trim_5s_93.wav,0
./final_data/noise/HOME-LIVINGB-2_trim_5s_94.wav,0
./final_data/noise/HOME-LIVINGB-2_trim_5s_95.wav,0
./final_data/noise/HOME-LIVINGB-2_trim_5s_96.wav,0
./final_data/noise/HOME-LIVINGB-2_trim_5s_97.wav,0
./final_data/noise/HOME-LIVINGB-2_trim_5s_98.wav,0
./final_data/noise/HOME-LIVINGB-2_trim_5s_99.wav,0
./final_data/noise/HOME-LIVINGB-2_trim_5s_100.wav,0
./final_data/noise/HOME-LIVINGB-2_trim_5s_101.wav,0
./final_data/noise/HOME-LIVINGB-2_trim_5s_102.wav,0
./final_data/noise/HOME-LIVINGB-2_trim_5s_103.wav,0
./final_data/noise/HOME-LIVINGB-2_trim_5s_104.wav,0
./final_data/noise/HOME-LIVINGB-2_trim_5s_105.wav,0
./final_data/noise/HOME-LIVINGB-2_trim_5s_106.wav,0
./final_data/noise/HOME-LIVINGB-2_trim_5s_107.wav,0
./final_data/noise/HOME-LIVINGB-2_trim_5s_108.wav,0
./final_data/noise/HOME-LIVINGB-2_trim_5s_109.wav,0
./final_data/noise/HOME-LIVINGB-2_trim_5s_110.wav,0
./final_data/noise/HOME-LIVINGB-2_trim_5s_111.wav,0
./final_data/noise/HOME-LIVINGB-2_trim_5s_112.wav,0
./final_data/noise/HOME-LIVINGB-2_trim_5s_113.wav,0
./final_data/noise/HOME-LIVINGB-2_trim_5s_114.wav,0
./final_data/noise/HOME-LIVINGB-2_trim_5s_115.wav,0
./final_data/noise/HOME-LIVINGB-2_trim_5s_116.wav,0
./final_data/noise/HOME-LIVINGB-2_trim_5s_117.wav,0
./final_data/noise/HOME-LIVINGB-2_trim_5s_118.wav,0
./final_data/noise/HOME-LIVINGB-2_trim_5s_119.wav,0
./final_data/noise/HOME-LIVINGB-2_trim_5s_120.wav,0
./final_data/noise/HOME-LIVINGB-2_trim_5s_121.wav,0
./final_data/noise/HOME-LIVINGB-2_trim_5s_122.wav,0
./final_data/noise/HOME-LIVINGB-2_trim_5s_123.wav,0
./final_data/noise/HOME-LIVINGB-2_trim_5s_124.wav,0
./final_data/noise/HOME-LIVINGB-2_trim_5s_125.wav,0
./final_data/noise/HOME-LIVINGB-2_trim_5s_126.wav,0
./final_data/noise/HOME-LIVINGB-2_trim_5s_127.wav,0
./final_data/noise/HOME-LIVINGB-2_trim_5s_128.wav,0
./final_data/noise/HOME-LIVINGB-2_trim_5s_129.wav,0
./final_data/noise/HOME-LIVINGB-2_trim_5s_130.wav,0
./final_data/noise/HOME-LIVINGB-2_trim_5s_131.wav,0
./final_data/noise/HOME-LIVINGB-2_trim_5s_132.wav,0
./final_data/noise/HOME-LIVINGB-2_trim_5s_133.wav,0
./final_data/noise/HOME-LIVINGB-2_trim_5s_134.wav,0
./final_data/noise/HOME-LIVINGB-2_trim_5s_135.wav,0
./final_data/noise/HOME-LIVINGB-2_trim_5s_136.wav,0
./final_data/noise/HOME-LIVINGB-2_trim_5s_137.wav,0
./final_data/noise/HOME-LIVINGB-2_trim_5s_138.wav,0
./final_data/noise/HOME-LIVINGB-2_trim_5s_139.wav,0
./final_data/noise/HOME-LIVINGB-2_trim_5s_140.wav,0
./final_data/noise/HOME-LIVINGB-2_trim_5s_141.wav,0
./final_data/noise/HOME-LIVINGB-2_trim_5s_142.wav,0
./final_data/noise/HOME-LIVINGB-2_trim_5s_143.wav,0
./final_data/noise/HOME-LIVINGB-2_trim_5s_144.wav,0
./final_data/noise/HOME-LIVINGB-2_trim_5s_145.wav,0
./final_data/noise/HOME-LIVINGB-2_trim_5s_146.wav,0
./final_data/noise/HOME-LIVINGB-2_trim_5s_147.wav,0
./final_data/noise/HOME-LIVINGB-2_trim_5s_148.wav,0
./final_data/noise/HOME-LIVINGB-2_trim_5s_149.wav,0
./final_data/noise/HOME-LIVINGB-2_trim_5s_150.wav,0
./final_data/noise/CAR-WINUPB-1_trim_5s_0.wav,0
./final_data/noise/CAR-WINUPB-1_trim_5s_1.wav,0
./final_data/noise/CAR-WINUPB-1_trim_5s_2.wav,0
./final_data/noise/CAR-WINUPB-1_trim_5s_3.wav,0
./final_data/noise/CAR-WINUPB-1_trim_5s_4.wav,0
./final_data/noise/CAR-WINUPB-1_trim_5s_5.wav,0
./final_data/noise/CAR-WINUPB-1_trim_5s_6.wav,0
