,file_path,label
0,./final_data/noise/CAFE-CAFE-1_trim_5s_0.wav,0
1,./final_data/noise/CAFE-CAFE-1_trim_5s_1.wav,0
2,./final_data/noise/CAFE-CAFE-1_trim_5s_2.wav,0
3,./final_data/noise/CAFE-CAFE-1_trim_5s_3.wav,0
4,./final_data/noise/CAFE-CAFE-1_trim_5s_4.wav,0
5,./final_data/noise/CAFE-CAFE-1_trim_5s_5.wav,0
6,./final_data/noise/CAFE-CAFE-1_trim_5s_6.wav,0
7,./final_data/noise/CAFE-CAFE-1_trim_5s_7.wav,0
8,./final_data/noise/CAFE-CAFE-1_trim_5s_8.wav,0
9,./final_data/noise/CAFE-CAFE-1_trim_5s_9.wav,0
10,./final_data/noise/CAFE-CAFE-1_trim_5s_10.wav,0
11,./final_data/noise/CAFE-CAFE-1_trim_5s_11.wav,0
12,./final_data/noise/CAFE-CAFE-1_trim_5s_12.wav,0
13,./final_data/noise/CAFE-CAFE-1_trim_5s_13.wav,0
14,./final_data/noise/CAFE-CAFE-1_trim_5s_14.wav,0
15,./final_data/noise/CAFE-CAFE-1_trim_5s_15.wav,0
16,./final_data/noise/CAFE-CAFE-1_trim_5s_16.wav,0
17,./final_data/noise/CAFE-CAFE-1_trim_5s_17.wav,0
18,./final_data/noise/CAFE-CAFE-1_trim_5s_18.wav,0
19,./final_data/noise/CAFE-CAFE-1_trim_5s_19.wav,0
20,./final_data/noise/CAFE-CAFE-1_trim_5s_20.wav,0
21,./final_data/noise/CAFE-CAFE-1_trim_5s_21.wav,0
22,./final_data/noise/CAFE-CAFE-1_trim_5s_22.wav,0
23,./final_data/noise/CAFE-CAFE-1_trim_5s_23.wav,0
24,./final_data/noise/CAFE-CAFE-1_trim_5s_24.wav,0
25,./final_data/noise/CAFE-CAFE-1_trim_5s_25.wav,0
26,./final_data/noise/CAFE-CAFE-1_trim_5s_26.wav,0
27,./final_data/noise/CAFE-CAFE-1_trim_5s_27.wav,0
28,./final_data/noise/CAFE-CAFE-1_trim_5s_28.wav,0
29,./final_data/noise/CAFE-CAFE-1_trim_5s_29.wav,0
30,./final_data/noise/CAFE-CAFE-1_trim_5s_30.wav,0
31,./final_data/noise/CAFE-CAFE-1_trim_5s_31.wav,0
32,./final_data/noise/CAFE-CAFE-1_trim_5s_32.wav,0
33,./final_data/noise/CAFE-CAFE-1_trim_5s_33.wav,0
34,./final_data/noise/CAFE-CAFE-1_trim_5s_34.wav,0
35,./final_data/noise/CAFE-CAFE-1_trim_5s_35.wav,0
36,./final_data/noise/CAFE-CAFE-1_trim_5s_36.wav,0
37,./final_data/noise/CAFE-CAFE-1_trim_5s_37.wav,0
38,./final_data/noise/CAFE-CAFE-1_trim_5s_38.wav,0
39,./final_data/noise/CAFE-CAFE-1_trim_5s_39.wav,0
40,./final_data/noise/CAFE-CAFE-1_trim_5s_40.wav,0
41,./final_data/noise/CAFE-CAFE-1_trim_5s_41.wav,0
42,./final_data/noise/CAFE-CAFE-1_trim_5s_42.wav,0
43,./final_data/noise/CAFE-CAFE-1_trim_5s_43.wav,0
44,./final_data/noise/CAFE-CAFE-1_trim_5s_44.wav,0
45,./final_data/noise/CAFE-CAFE-1_trim_5s_45.wav,0
46,./final_data/noise/CAFE-CAFE-1_trim_5s_46.wav,0
47,./final_data/noise/CAFE-CAFE-1_trim_5s_47.wav,0
48,./final_data/noise/CAFE-CAFE-1_trim_5s_48.wav,0
49,./final_data/noise/CAFE-CAFE-1_trim_5s_49.wav,0
50,./final_data/noise/CAFE-CAFE-1_trim_5s_50.wav,0
51,./final_data/noise/CAFE-CAFE-1_trim_5s_51.wav,0
52,./final_data/noise/CAFE-CAFE-1_trim_5s_52.wav,0
53,./final_data/noise/CAFE-CAFE-1_trim_5s_53.wav,0
54,./final_data/noise/CAFE-CAFE-1_trim_5s_54.wav,0
55,./final_data/noise/CAFE-CAFE-1_trim_5s_55.wav,0
56,./final_data/noise/CAFE-CAFE-1_trim_5s_56.wav,0
57,./final_data/noise/CAFE-CAFE-1_trim_5s_57.wav,0
58,./final_data/noise/CAFE-CAFE-1_trim_5s_58.wav,0
59,./final_data/noise/CAFE-CAFE-1_trim_5s_59.wav,0
60,./final_data/noise/CAFE-CAFE-1_trim_5s_60.wav,0
61,./final_data/noise/CAFE-CAFE-1_trim_5s_61.wav,0
62,./final_data/noise/CAFE-CAFE-1_trim_5s_62.wav,0
63,./final_data/noise/CAFE-CAFE-1_trim_5s_63.wav,0
64,./final_data/noise/CAFE-CAFE-1_trim_5s_64.wav,0
65,./final_data/noise/CAFE-CAFE-1_trim_5s_65.wav,0
66,./final_data/noise/CAFE-CAFE-1_trim_5s_66.wav,0
67,./final_data/noise/CAFE-CAFE-1_trim_5s_67.wav,0
68,./final_data/noise/CAFE-CAFE-1_trim_5s_68.wav,0
69,./final_data/noise/CAFE-CAFE-1_trim_5s_69.wav,0
70,./final_data/noise/CAFE-CAFE-1_trim_5s_70.wav,0
71,./final_data/noise/CAFE-CAFE-1_trim_5s_71.wav,0
72,./final_data/noise/CAFE-CAFE-1_trim_5s_72.wav,0
73,./final_data/noise/CAFE-CAFE-1_trim_5s_73.wav,0
74,./final_data/noise/CAFE-CAFE-1_trim_5s_74.wav,0
75,./final_data/noise/CAFE-CAFE-1_trim_5s_75.wav,0
76,./final_data/noise/CAFE-CAFE-1_trim_5s_76.wav,0
77,./final_data/noise/CAFE-CAFE-1_trim_5s_77.wav,0
78,./final_data/noise/CAFE-CAFE-1_trim_5s_78.wav,0
79,./final_data/noise/CAFE-CAFE-1_trim_5s_79.wav,0
80,./final_data/noise/CAFE-CAFE-1_trim_5s_80.wav,0
81,./final_data/noise/CAFE-CAFE-1_trim_5s_81.wav,0
82,./final_data/noise/CAFE-CAFE-1_trim_5s_82.wav,0
83,./final_data/noise/CAFE-CAFE-1_trim_5s_83.wav,0
84,./final_data/noise/CAFE-CAFE-1_trim_5s_84.wav,0
85,./final_data/noise/CAFE-CAFE-1_trim_5s_85.wav,0
86,./final_data/noise/CAFE-CAFE-1_trim_5s_86.wav,0
87,./final_data/noise/CAFE-CAFE-1_trim_5s_87.wav,0
88,./final_data/noise/CAFE-CAFE-1_trim_5s_88.wav,0
89,./final_data/noise/CAFE-CAFE-1_trim_5s_89.wav,0
90,./final_data/noise/CAFE-CAFE-1_trim_5s_90.wav,0
91,./final_data/noise/CAFE-CAFE-1_trim_5s_91.wav,0
92,./final_data/noise/CAFE-CAFE-1_trim_5s_92.wav,0
93,./final_data/noise/CAFE-CAFE-1_trim_5s_93.wav,0
94,./final_data/noise/CAFE-CAFE-1_trim_5s_94.wav,0
95,./final_data/noise/CAFE-CAFE-1_trim_5s_95.wav,0
96,./final_data/noise/CAFE-CAFE-1_trim_5s_96.wav,0
97,./final_data/noise/CAFE-CAFE-1_trim_5s_97.wav,0
98,./final_data/noise/CAFE-CAFE-1_trim_5s_98.wav,0
99,./final_data/noise/CAFE-CAFE-1_trim_5s_99.wav,0
100,./final_data/noise/CAFE-CAFE-1_trim_5s_100.wav,0
101,./final_data/noise/CAFE-CAFE-1_trim_5s_101.wav,0
102,./final_data/noise/CAFE-CAFE-1_trim_5s_102.wav,0
103,./final_data/noise/CAFE-CAFE-1_trim_5s_103.wav,0
104,./final_data/noise/CAFE-CAFE-1_trim_5s_104.wav,0
105,./final_data/noise/CAFE-CAFE-1_trim_5s_105.wav,0
106,./final_data/noise/CAFE-CAFE-1_trim_5s_106.wav,0
107,./final_data/noise/CAFE-CAFE-1_trim_5s_107.wav,0
108,./final_data/noise/CAFE-CAFE-1_trim_5s_108.wav,0
109,./final_data/noise/CAFE-CAFE-1_trim_5s_109.wav,0
110,./final_data/noise/CAFE-CAFE-1_trim_5s_110.wav,0
111,./final_data/noise/CAFE-CAFE-1_trim_5s_111.wav,0
112,./final_data/noise/CAFE-CAFE-1_trim_5s_112.wav,0
113,./final_data/noise/CAFE-CAFE-1_trim_5s_113.wav,0
114,./final_data/noise/CAFE-CAFE-1_trim_5s_114.wav,0
115,./final_data/noise/CAFE-CAFE-1_trim_5s_115.wav,0
116,./final_data/noise/CAFE-CAFE-1_trim_5s_116.wav,0
117,./final_data/noise/CAFE-CAFE-1_trim_5s_117.wav,0
118,./final_data/noise/CAFE-CAFE-1_trim_5s_118.wav,0
119,./final_data/noise/CAFE-CAFE-1_trim_5s_119.wav,0
120,./final_data/noise/CAFE-CAFE-1_trim_5s_120.wav,0
121,./final_data/noise/CAFE-CAFE-1_trim_5s_121.wav,0
122,./final_data/noise/CAFE-CAFE-1_trim_5s_122.wav,0
123,./final_data/noise/CAFE-CAFE-1_trim_5s_123.wav,0
124,./final_data/noise/CAFE-CAFE-1_trim_5s_124.wav,0
125,./final_data/noise/CAFE-CAFE-1_trim_5s_125.wav,0
126,./final_data/noise/CAFE-CAFE-1_trim_5s_126.wav,0
127,./final_data/noise/CAFE-CAFE-1_trim_5s_127.wav,0
128,./final_data/noise/CAFE-CAFE-1_trim_5s_128.wav,0
129,./final_data/noise/CAFE-CAFE-1_trim_5s_129.wav,0
130,./final_data/noise/CAFE-CAFE-1_trim_5s_130.wav,0
131,./final_data/noise/CAFE-CAFE-1_trim_5s_131.wav,0
132,./final_data/noise/CAFE-CAFE-1_trim_5s_132.wav,0
133,./final_data/noise/CAFE-CAFE-1_trim_5s_133.wav,0
134,./final_data/noise/CAFE-CAFE-1_trim_5s_134.wav,0
135,./final_data/noise/CAFE-CAFE-1_trim_5s_135.wav,0
136,./final_data/noise/CAFE-CAFE-1_trim_5s_136.wav,0
137,./final_data/noise/CAFE-CAFE-1_trim_5s_137.wav,0
138,./final_data/noise/CAFE-CAFE-1_trim_5s_138.wav,0
139,./final_data/noise/CAFE-CAFE-1_trim_5s_139.wav,0
140,./final_data/noise/CAFE-CAFE-1_trim_5s_140.wav,0
141,./final_data/noise/CAFE-CAFE-1_trim_5s_141.wav,0
142,./final_data/noise/CAFE-CAFE-1_trim_5s_142.wav,0
143,./final_data/noise/CAFE-CAFE-1_trim_5s_143.wav,0
144,./final_data/noise/CAFE-CAFE-1_trim_5s_144.wav,0
145,./final_data/noise/CAFE-CAFE-1_trim_5s_145.wav,0
146,./final_data/noise/CAFE-CAFE-1_trim_5s_146.wav,0
147,./final_data/noise/CAFE-CAFE-1_trim_5s_147.wav,0
148,./final_data/noise/CAFE-CAFE-1_trim_5s_148.wav,0
149,./final_data/noise/CAFE-CAFE-1_trim_5s_149.wav,0
150,./final_data/noise/CAFE-CAFE-1_trim_5s_150.wav,0
151,./final_data/noise/CAFE-CAFE-1_trim_5s_151.wav,0
152,./final_data/noise/CAFE-CAFE-1_trim_5s_152.wav,0
153,./final_data/noise/CAFE-CAFE-1_trim_5s_153.wav,0
154,./final_data/noise/CAFE-CAFE-1_trim_5s_154.wav,0
155,./final_data/noise/CAFE-CAFE-1_trim_5s_155.wav,0
156,./final_data/noise/CAFE-CAFE-1_trim_5s_156.wav,0
157,./final_data/noise/CAFE-CAFE-1_trim_5s_157.wav,0
158,./final_data/noise/CAFE-CAFE-1_trim_5s_158.wav,0
159,./final_data/noise/CAFE-CAFE-1_trim_5s_159.wav,0
160,./final_data/noise/CAFE-CAFE-1_trim_5s_160.wav,0
161,./final_data/noise/CAFE-CAFE-1_trim_5s_161.wav,0
162,./final_data/noise/CAFE-CAFE-1_trim_5s_162.wav,0
163,./final_data/noise/CAFE-CAFE-1_trim_5s_163.wav,0
164,./final_data/noise/CAFE-CAFE-1_trim_5s_164.wav,0
165,./final_data/noise/CAFE-CAFE-1_trim_5s_165.wav,0
166,./final_data/noise/CAFE-CAFE-1_trim_5s_166.wav,0
167,./final_data/noise/CAFE-CAFE-1_trim_5s_167.wav,0
168,./final_data/noise/CAFE-CAFE-1_trim_5s_168.wav,0
169,./final_data/noise/CAFE-CAFE-1_trim_5s_169.wav,0
170,./final_data/noise/CAFE-CAFE-1_trim_5s_170.wav,0
171,./final_data/noise/CAFE-CAFE-1_trim_5s_171.wav,0
172,./final_data/noise/CAFE-CAFE-1_trim_5s_172.wav,0
173,./final_data/noise/CAFE-CAFE-1_trim_5s_173.wav,0
174,./final_data/noise/CAFE-CAFE-1_trim_5s_174.wav,0
175,./final_data/noise/CAFE-CAFE-1_trim_5s_175.wav,0
176,./final_data/noise/CAFE-CAFE-1_trim_5s_176.wav,0
177,./final_data/noise/CAFE-CAFE-1_trim_5s_177.wav,0
178,./final_data/noise/CAFE-CAFE-1_trim_5s_178.wav,0
179,./final_data/noise/CAFE-CAFE-1_trim_5s_179.wav,0
180,./final_data/noise/CAFE-CAFE-1_trim_5s_180.wav,0
181,./final_data/noise/CAFE-CAFE-1_trim_5s_181.wav,0
182,./final_data/noise/CAFE-CAFE-1_trim_5s_182.wav,0
183,./final_data/noise/CAFE-CAFE-1_trim_5s_183.wav,0
184,./final_data/noise/CAFE-CAFE-1_trim_5s_184.wav,0
185,./final_data/noise/CAFE-CAFE-1_trim_5s_185.wav,0
186,./final_data/noise/CAFE-CAFE-1_trim_5s_186.wav,0
187,./final_data/noise/CAFE-CAFE-1_trim_5s_187.wav,0
188,./final_data/noise/CAFE-CAFE-1_trim_5s_188.wav,0
189,./final_data/noise/CAFE-CAFE-1_trim_5s_189.wav,0
190,./final_data/noise/CAFE-CAFE-1_trim_5s_190.wav,0
191,./final_data/noise/CAFE-CAFE-1_trim_5s_191.wav,0
192,./final_data/noise/CAFE-CAFE-1_trim_5s_192.wav,0
193,./final_data/noise/CAFE-CAFE-1_trim_5s_193.wav,0
194,./final_data/noise/CAFE-CAFE-1_trim_5s_194.wav,0
195,./final_data/noise/CAFE-CAFE-1_trim_5s_195.wav,0
196,./final_data/noise/CAFE-CAFE-1_trim_5s_196.wav,0
197,./final_data/noise/CAFE-CAFE-1_trim_5s_197.wav,0
198,./final_data/noise/CAFE-CAFE-1_trim_5s_198.wav,0
199,./final_data/noise/CAFE-CAFE-1_trim_5s_199.wav,0
200,./final_data/noise/CAFE-CAFE-1_trim_5s_200.wav,0
201,./final_data/noise/CAFE-CAFE-1_trim_5s_201.wav,0
202,./final_data/noise/CAFE-CAFE-1_trim_5s_202.wav,0
203,./final_data/noise/CAFE-CAFE-1_trim_5s_203.wav,0
204,./final_data/noise/CAFE-CAFE-1_trim_5s_204.wav,0
205,./final_data/noise/CAFE-CAFE-1_trim_5s_205.wav,0
206,./final_data/noise/CAFE-CAFE-1_trim_5s_206.wav,0
207,./final_data/noise/CAFE-CAFE-1_trim_5s_207.wav,0
208,./final_data/noise/CAFE-CAFE-1_trim_5s_208.wav,0
209,./final_data/noise/CAFE-CAFE-1_trim_5s_209.wav,0
210,./final_data/noise/CAFE-CAFE-1_trim_5s_210.wav,0
211,./final_data/noise/CAFE-CAFE-1_trim_5s_211.wav,0
212,./final_data/noise/CAFE-CAFE-1_trim_5s_212.wav,0
213,./final_data/noise/CAFE-CAFE-1_trim_5s_213.wav,0
214,./final_data/noise/CAFE-CAFE-1_trim_5s_214.wav,0
215,./final_data/noise/CAFE-CAFE-1_trim_5s_215.wav,0
216,./final_data/noise/CAFE-CAFE-1_trim_5s_216.wav,0
217,./final_data/noise/CAFE-CAFE-1_trim_5s_217.wav,0
218,./final_data/noise/CAFE-CAFE-1_trim_5s_218.wav,0
219,./final_data/noise/CAFE-CAFE-1_trim_5s_219.wav,0
220,./final_data/noise/CAFE-CAFE-1_trim_5s_220.wav,0
221,./final_data/noise/CAFE-CAFE-1_trim_5s_221.wav,0
222,./final_data/noise/CAFE-CAFE-1_trim_5s_222.wav,0
223,./final_data/noise/CAFE-CAFE-1_trim_5s_223.wav,0
224,./final_data/noise/CAFE-CAFE-1_trim_5s_224.wav,0
225,./final_data/noise/CAFE-CAFE-1_trim_5s_225.wav,0
226,./final_data/noise/CAFE-CAFE-1_trim_5s_226.wav,0
227,./final_data/noise/CAFE-CAFE-1_trim_5s_227.wav,0
228,./final_data/noise/CAFE-CAFE-1_trim_5s_228.wav,0
229,./final_data/noise/CAFE-CAFE-1_trim_5s_229.wav,0
230,./final_data/noise/CAFE-CAFE-1_trim_5s_230.wav,0
231,./final_data/noise/CAFE-CAFE-1_trim_5s_231.wav,0
232,./final_data/noise/CAFE-CAFE-1_trim_5s_232.wav,0
233,./final_data/noise/CAFE-CAFE-1_trim_5s_233.wav,0
234,./final_data/noise/CAFE-CAFE-1_trim_5s_234.wav,0
235,./final_data/noise/CAFE-CAFE-1_trim_5s_235.wav,0
236,./final_data/noise/CAFE-CAFE-1_trim_5s_236.wav,0
237,./final_data/noise/CAFE-CAFE-1_trim_5s_237.wav,0
238,./final_data/noise/CAFE-CAFE-1_trim_5s_238.wav,0
239,./final_data/noise/CAFE-CAFE-1_trim_5s_239.wav,0
240,./final_data/noise/CAFE-CAFE-1_trim_5s_240.wav,0
241,./final_data/noise/CAFE-CAFE-1_trim_5s_241.wav,0
242,./final_data/noise/CAFE-CAFE-1_trim_5s_242.wav,0
243,./final_data/noise/CAFE-CAFE-1_trim_5s_243.wav,0
244,./final_data/noise/CAFE-CAFE-1_trim_5s_244.wav,0
245,./final_data/noise/CAFE-CAFE-1_trim_5s_245.wav,0
246,./final_data/noise/CAFE-CAFE-1_trim_5s_246.wav,0
247,./final_data/noise/CAFE-CAFE-1_trim_5s_247.wav,0
248,./final_data/noise/CAFE-CAFE-1_trim_5s_248.wav,0
249,./final_data/noise/CAFE-CAFE-1_trim_5s_249.wav,0
250,./final_data/noise/CAFE-CAFE-1_trim_5s_250.wav,0
251,./final_data/noise/CAFE-CAFE-1_trim_5s_251.wav,0
252,./final_data/noise/CAFE-CAFE-1_trim_5s_252.wav,0
253,./final_data/noise/CAFE-CAFE-1_trim_5s_253.wav,0
254,./final_data/noise/CAFE-CAFE-1_trim_5s_254.wav,0
255,./final_data/noise/CAFE-CAFE-1_trim_5s_255.wav,0
256,./final_data/noise/CAFE-CAFE-1_trim_5s_256.wav,0
257,./final_data/noise/CAFE-CAFE-1_trim_5s_257.wav,0
258,./final_data/noise/CAFE-CAFE-1_trim_5s_258.wav,0
259,./final_data/noise/CAFE-CAFE-1_trim_5s_259.wav,0
260,./final_data/noise/CAFE-CAFE-1_trim_5s_260.wav,0
261,./final_data/noise/CAFE-CAFE-1_trim_5s_261.wav,0
262,./final_data/noise/CAFE-CAFE-1_trim_5s_262.wav,0
263,./final_data/noise/CAFE-CAFE-1_trim_5s_263.wav,0
264,./final_data/noise/CAFE-CAFE-1_trim_5s_264.wav,0
265,./final_data/noise/CAFE-CAFE-1_trim_5s_265.wav,0
266,./final_data/noise/CAFE-CAFE-1_trim_5s_266.wav,0
267,./final_data/noise/CAFE-CAFE-1_trim_5s_267.wav,0
268,./final_data/noise/CAFE-CAFE-1_trim_5s_268.wav,0
269,./final_data/noise/CAFE-CAFE-1_trim_5s_269.wav,0
270,./final_data/noise/CAFE-CAFE-1_trim_5s_270.wav,0
271,./final_data/noise/CAFE-CAFE-1_trim_5s_271.wav,0
272,./final_data/noise/CAFE-CAFE-1_trim_5s_272.wav,0
273,./final_data/noise/CAFE-CAFE-1_trim_5s_273.wav,0
274,./final_data/noise/CAFE-CAFE-1_trim_5s_274.wav,0
275,./final_data/noise/CAFE-CAFE-1_trim_5s_275.wav,0
276,./final_data/noise/CAFE-CAFE-1_trim_5s_276.wav,0
277,./final_data/noise/CAFE-CAFE-1_trim_5s_277.wav,0
278,./final_data/noise/CAFE-CAFE-1_trim_5s_278.wav,0
279,./final_data/noise/CAFE-CAFE-1_trim_5s_279.wav,0
280,./final_data/noise/CAFE-CAFE-1_trim_5s_280.wav,0
281,./final_data/noise/CAFE-CAFE-1_trim_5s_281.wav,0
282,./final_data/noise/CAFE-CAFE-1_trim_5s_282.wav,0
283,./final_data/noise/CAFE-CAFE-1_trim_5s_283.wav,0
284,./final_data/noise/CAFE-CAFE-1_trim_5s_284.wav,0
285,./final_data/noise/CAFE-CAFE-1_trim_5s_285.wav,0
286,./final_data/noise/CAFE-CAFE-1_trim_5s_286.wav,0
287,./final_data/noise/CAFE-CAFE-1_trim_5s_287.wav,0
288,./final_data/noise/CAFE-CAFE-1_trim_5s_288.wav,0
289,./final_data/noise/CAFE-CAFE-1_trim_5s_289.wav,0
290,./final_data/noise/CAFE-CAFE-1_trim_5s_290.wav,0
291,./final_data/noise/CAFE-CAFE-1_trim_5s_291.wav,0
292,./final_data/noise/CAFE-CAFE-1_trim_5s_292.wav,0
293,./final_data/noise/CAFE-CAFE-1_trim_5s_293.wav,0
294,./final_data/noise/CAFE-CAFE-1_trim_5s_294.wav,0
295,./final_data/noise/CAFE-CAFE-1_trim_5s_295.wav,0
296,./final_data/noise/CAFE-CAFE-1_trim_5s_296.wav,0
297,./final_data/noise/CAFE-CAFE-1_trim_5s_297.wav,0
298,./final_data/noise/CAFE-CAFE-1_trim_5s_298.wav,0
299,./final_data/noise/CAFE-CAFE-1_trim_5s_299.wav,0
300,./final_data/noise/CAFE-CAFE-1_trim_5s_300.wav,0
301,./final_data/noise/CAFE-CAFE-1_trim_5s_301.wav,0
302,./final_data/noise/CAFE-CAFE-1_trim_5s_302.wav,0
303,./final_data/noise/CAFE-CAFE-1_trim_5s_303.wav,0
304,./final_data/noise/CAFE-CAFE-1_trim_5s_304.wav,0
305,./final_data/noise/CAFE-CAFE-1_trim_5s_305.wav,0
306,./final_data/noise/CAFE-CAFE-1_trim_5s_306.wav,0
307,./final_data/noise/CAFE-CAFE-1_trim_5s_307.wav,0
308,./final_data/noise/CAFE-CAFE-1_trim_5s_308.wav,0
309,./final_data/noise/CAFE-CAFE-1_trim_5s_309.wav,0
310,./final_data/noise/CAFE-CAFE-1_trim_5s_310.wav,0
311,./final_data/noise/CAFE-CAFE-1_trim_5s_311.wav,0
312,./final_data/noise/CAFE-CAFE-1_trim_5s_312.wav,0
313,./final_data/noise/CAFE-CAFE-1_trim_5s_313.wav,0
314,./final_data/noise/CAFE-CAFE-1_trim_5s_314.wav,0
315,./final_data/noise/CAFE-CAFE-1_trim_5s_315.wav,0
316,./final_data/noise/CAFE-CAFE-1_trim_5s_316.wav,0
317,./final_data/noise/CAFE-CAFE-1_trim_5s_317.wav,0
318,./final_data/noise/CAFE-CAFE-1_trim_5s_318.wav,0
319,./final_data/noise/CAFE-CAFE-1_trim_5s_319.wav,0
320,./final_data/noise/CAFE-CAFE-1_trim_5s_320.wav,0
321,./final_data/noise/CAFE-CAFE-1_trim_5s_321.wav,0
322,./final_data/noise/CAFE-CAFE-1_trim_5s_322.wav,0
323,./final_data/noise/CAFE-CAFE-1_trim_5s_323.wav,0
324,./final_data/noise/CAFE-CAFE-1_trim_5s_324.wav,0
325,./final_data/noise/CAFE-CAFE-1_trim_5s_325.wav,0
326,./final_data/noise/CAFE-CAFE-1_trim_5s_326.wav,0
327,./final_data/noise/CAFE-CAFE-1_trim_5s_327.wav,0
328,./final_data/noise/CAFE-CAFE-1_trim_5s_328.wav,0
329,./final_data/noise/CAFE-CAFE-1_trim_5s_329.wav,0
330,./final_data/noise/CAFE-CAFE-1_trim_5s_330.wav,0
331,./final_data/noise/CAFE-CAFE-1_trim_5s_331.wav,0
332,./final_data/noise/CAFE-CAFE-1_trim_5s_332.wav,0
333,./final_data/noise/CAFE-CAFE-1_trim_5s_333.wav,0
334,./final_data/noise/CAFE-CAFE-1_trim_5s_334.wav,0
335,./final_data/noise/CAFE-CAFE-1_trim_5s_335.wav,0
336,./final_data/noise/CAFE-CAFE-1_trim_5s_336.wav,0
337,./final_data/noise/CAFE-CAFE-1_trim_5s_337.wav,0
338,./final_data/noise/CAFE-CAFE-1_trim_5s_338.wav,0
339,./final_data/noise/CAFE-CAFE-1_trim_5s_339.wav,0
340,./final_data/noise/CAFE-CAFE-1_trim_5s_340.wav,0
341,./final_data/noise/CAFE-CAFE-1_trim_5s_341.wav,0
342,./final_data/noise/CAFE-CAFE-1_trim_5s_342.wav,0
343,./final_data/noise/CAFE-CAFE-1_trim_5s_343.wav,0
344,./final_data/noise/CAFE-CAFE-1_trim_5s_344.wav,0
345,./final_data/noise/CAFE-CAFE-1_trim_5s_345.wav,0
346,./final_data/noise/CAFE-CAFE-1_trim_5s_346.wav,0
347,./final_data/noise/CAFE-CAFE-1_trim_5s_347.wav,0
348,./final_data/noise/CAFE-CAFE-1_trim_5s_348.wav,0
349,./final_data/noise/CAFE-CAFE-1_trim_5s_349.wav,0
350,./final_data/noise/CAFE-CAFE-1_trim_5s_350.wav,0
351,./final_data/noise/CAFE-CAFE-1_trim_5s_351.wav,0
352,./final_data/noise/CAFE-CAFE-1_trim_5s_352.wav,0
353,./final_data/noise/CAFE-CAFE-1_trim_5s_353.wav,0
354,./final_data/noise/CAFE-CAFE-1_trim_5s_354.wav,0
355,./final_data/noise/CAFE-CAFE-1_trim_5s_355.wav,0
356,./final_data/noise/CAFE-CAFE-1_trim_5s_356.wav,0
357,./final_data/noise/CAFE-CAFE-1_trim_5s_357.wav,0
358,./final_data/noise/CAFE-CAFE-1_trim_5s_358.wav,0
359,./final_data/noise/CAFE-CAFE-1_trim_5s_359.wav,0
360,./final_data/noise/CAFE-CAFE-1_trim_5s_360.wav,0
361,./final_data/noise/CAFE-CAFE-1_trim_5s_361.wav,0
362,./final_data/noise/CAFE-CAFE-1_trim_5s_362.wav,0
363,./final_data/noise/CAFE-CAFE-1_trim_5s_363.wav,0
364,./final_data/noise/CAFE-CAFE-1_trim_5s_364.wav,0
365,./final_data/noise/CAFE-CAFE-1_trim_5s_365.wav,0
366,./final_data/noise/CAFE-CAFE-1_trim_5s_366.wav,0
367,./final_data/noise/CAFE-CAFE-1_trim_5s_367.wav,0
368,./final_data/noise/CAFE-CAFE-1_trim_5s_368.wav,0
369,./final_data/noise/CAFE-CAFE-1_trim_5s_369.wav,0
370,./final_data/noise/CAFE-CAFE-1_trim_5s_370.wav,0
371,./final_data/noise/CAFE-CAFE-1_trim_5s_371.wav,0
372,./final_data/noise/CAFE-CAFE-1_trim_5s_372.wav,0
373,./final_data/noise/CAFE-CAFE-1_trim_5s_373.wav,0
374,./final_data/noise/CAFE-CAFE-1_trim_5s_374.wav,0
375,./final_data/noise/CAFE-CAFE-1_trim_5s_375.wav,0
376,./final_data/noise/CAFE-CAFE-1_trim_5s_376.wav,0
377,./final_data/noise/CAFE-CAFE-1_trim_5s_377.wav,0
378,./final_data/noise/CAFE-CAFE-1_trim_5s_378.wav,0
379,./final_data/noise/CAFE-CAFE-1_trim_5s_379.wav,0
380,./final_data/noise/CAFE-CAFE-1_trim_5s_380.wav,0
381,./final_data/noise/CAFE-CAFE-1_trim_5s_381.wav,0
382,./final_data/noise/CAFE-CAFE-1_trim_5s_382.wav,0
383,./final_data/noise/CAFE-CAFE-1_trim_5s_383.wav,0
384,./final_data/noise/CAFE-CAFE-1_trim_5s_384.wav,0
385,./final_data/noise/CAFE-CAFE-1_trim_5s_385.wav,0
386,./final_data/noise/CAFE-CAFE-1_trim_5s_386.wav,0
387,./final_data/noise/CAFE-CAFE-1_trim_5s_387.wav,0
388,./final_data/noise/CAFE-CAFE-1_trim_5s_388.wav,0
389,./final_data/noise/CAFE-CAFE-1_trim_5s_389.wav,0
390,./final_data/noise/CAFE-CAFE-1_trim_5s_390.wav,0
391,./final_data/noise/CAFE-CAFE-1_trim_5s_391.wav,0
392,./final_data/noise/CAFE-CAFE-1_trim_5s_392.wav,0
393,./final_data/noise/CAFE-CAFE-1_trim_5s_393.wav,0
394,./final_data/noise/CAFE-CAFE-1_trim_5s_394.wav,0
395,./final_data/noise/CAFE-CAFE-1_trim_5s_395.wav,0
396,./final_data/noise/CAFE-CAFE-1_trim_5s_396.wav,0
397,./final_data/noise/CAFE-CAFE-1_trim_5s_397.wav,0
398,./final_data/noise/CAFE-CAFE-1_trim_5s_398.wav,0
399,./final_data/noise/CAFE-CAFE-1_trim_5s_399.wav,0
400,./final_data/noise/CAFE-CAFE-1_trim_5s_400.wav,0
401,./final_data/noise/CAFE-CAFE-1_trim_5s_401.wav,0
402,./final_data/noise/CAFE-CAFE-1_trim_5s_402.wav,0
403,./final_data/noise/CAFE-CAFE-1_trim_5s_403.wav,0
404,./final_data/noise/CAFE-CAFE-1_trim_5s_404.wav,0
405,./final_data/noise/CAFE-CAFE-1_trim_5s_405.wav,0
406,./final_data/noise/CAFE-CAFE-1_trim_5s_406.wav,0
407,./final_data/noise/CAFE-CAFE-1_trim_5s_407.wav,0
408,./final_data/noise/CAFE-CAFE-1_trim_5s_408.wav,0
409,./final_data/noise/CAFE-CAFE-1_trim_5s_409.wav,0
410,./final_data/noise/CAFE-CAFE-1_trim_5s_410.wav,0
411,./final_data/noise/CAFE-CAFE-1_trim_5s_411.wav,0
412,./final_data/noise/CAFE-CAFE-1_trim_5s_412.wav,0
413,./final_data/noise/CAFE-CAFE-1_trim_5s_413.wav,0
414,./final_data/noise/CAFE-CAFE-1_trim_5s_414.wav,0
415,./final_data/noise/CAFE-CAFE-1_trim_5s_415.wav,0
416,./final_data/noise/CAFE-CAFE-1_trim_5s_416.wav,0
417,./final_data/noise/CAFE-CAFE-1_trim_5s_417.wav,0
418,./final_data/noise/CAFE-CAFE-1_trim_5s_418.wav,0
419,./final_data/noise/CAFE-CAFE-1_trim_5s_419.wav,0
420,./final_data/noise/CAFE-CAFE-1_trim_5s_420.wav,0
421,./final_data/noise/CAFE-CAFE-1_trim_5s_421.wav,0
422,./final_data/noise/CAFE-CAFE-1_trim_5s_422.wav,0
423,./final_data/noise/CAFE-CAFE-1_trim_5s_423.wav,0
424,./final_data/noise/CAFE-CAFE-1_trim_5s_424.wav,0
425,./final_data/noise/CAFE-CAFE-1_trim_5s_425.wav,0
426,./final_data/noise/CAFE-CAFE-1_trim_5s_426.wav,0
427,./final_data/noise/CAFE-CAFE-1_trim_5s_427.wav,0
428,./final_data/noise/CAFE-CAFE-1_trim_5s_428.wav,0
429,./final_data/noise/CAFE-CAFE-1_trim_5s_429.wav,0
430,./final_data/noise/CAFE-CAFE-1_trim_5s_430.wav,0
431,./final_data/noise/CAFE-CAFE-1_trim_5s_431.wav,0
432,./final_data/noise/CAFE-CAFE-1_trim_5s_432.wav,0
433,./final_data/noise/CAFE-CAFE-1_trim_5s_433.wav,0
434,./final_data/noise/CAFE-CAFE-1_trim_5s_434.wav,0
435,./final_data/noise/CAFE-CAFE-1_trim_5s_435.wav,0
436,./final_data/noise/CAFE-CAFE-1_trim_5s_436.wav,0
437,./final_data/noise/CAFE-CAFE-1_trim_5s_437.wav,0
438,./final_data/noise/CAFE-CAFE-1_trim_5s_438.wav,0
439,./final_data/noise/CAFE-CAFE-1_trim_5s_439.wav,0
440,./final_data/noise/CAFE-CAFE-1_trim_5s_440.wav,0
441,./final_data/noise/CAFE-CAFE-1_trim_5s_441.wav,0
442,./final_data/noise/CAFE-CAFE-1_trim_5s_442.wav,0
443,./final_data/noise/CAFE-CAFE-1_trim_5s_443.wav,0
444,./final_data/noise/CAFE-CAFE-1_trim_5s_444.wav,0
445,./final_data/noise/CAFE-CAFE-1_trim_5s_445.wav,0
446,./final_data/noise/CAFE-CAFE-1_trim_5s_446.wav,0
447,./final_data/noise/CAFE-CAFE-1_trim_5s_447.wav,0
448,./final_data/noise/CAFE-CAFE-1_trim_5s_448.wav,0
449,./final_data/noise/CAFE-CAFE-1_trim_5s_449.wav,0
450,./final_data/noise/CAFE-CAFE-1_trim_5s_450.wav,0
451,./final_data/noise/CAFE-CAFE-1_trim_5s_451.wav,0
452,./final_data/noise/CAFE-CAFE-1_trim_5s_452.wav,0
453,./final_data/noise/CAFE-CAFE-1_trim_5s_453.wav,0
454,./final_data/noise/CAFE-CAFE-1_trim_5s_454.wav,0
455,./final_data/noise/CAFE-CAFE-1_trim_5s_455.wav,0
456,./final_data/noise/CAFE-CAFE-1_trim_5s_456.wav,0
457,./final_data/noise/CAFE-CAFE-1_trim_5s_457.wav,0
458,./final_data/noise/CAFE-CAFE-1_trim_5s_458.wav,0
459,./final_data/noise/CAFE-CAFE-1_trim_5s_459.wav,0
460,./final_data/noise/CAFE-CAFE-1_trim_5s_460.wav,0
461,./final_data/noise/CAFE-CAFE-1_trim_5s_461.wav,0
462,./final_data/noise/CAFE-CAFE-1_trim_5s_462.wav,0
463,./final_data/noise/CAFE-CAFE-1_trim_5s_463.wav,0
464,./final_data/noise/CAFE-CAFE-1_trim_5s_464.wav,0
465,./final_data/noise/CAFE-CAFE-1_trim_5s_465.wav,0
466,./final_data/noise/CAFE-CAFE-1_trim_5s_466.wav,0
467,./final_data/noise/CAFE-CAFE-1_trim_5s_467.wav,0
468,./final_data/noise/CAFE-CAFE-1_trim_5s_468.wav,0
469,./final_data/noise/CAFE-CAFE-1_trim_5s_469.wav,0
470,./final_data/noise/CAFE-CAFE-1_trim_5s_470.wav,0
471,./final_data/noise/CAFE-CAFE-1_trim_5s_471.wav,0
472,./final_data/noise/CAFE-CAFE-1_trim_5s_472.wav,0
473,./final_data/noise/CAFE-CAFE-1_trim_5s_473.wav,0
474,./final_data/noise/CAFE-CAFE-1_trim_5s_474.wav,0
475,./final_data/noise/CAFE-CAFE-1_trim_5s_475.wav,0
476,./final_data/noise/CAFE-CAFE-1_trim_5s_476.wav,0
477,./final_data/noise/CAFE-CAFE-1_trim_5s_477.wav,0
478,./final_data/noise/CAFE-CAFE-1_trim_5s_478.wav,0
479,./final_data/noise/CAFE-CAFE-1_trim_5s_479.wav,0
480,./final_data/noise/CAFE-CAFE-1_trim_5s_480.wav,0
481,./final_data/noise/CAFE-CAFE-1_trim_5s_481.wav,0
482,./final_data/noise/CAFE-CAFE-1_trim_5s_482.wav,0
483,./final_data/noise/CAFE-CAFE-1_trim_5s_483.wav,0
484,./final_data/noise/CAFE-CAFE-1_trim_5s_484.wav,0
485,./final_data/noise/CAFE-CAFE-1_trim_5s_485.wav,0
486,./final_data/noise/CAFE-CAFE-1_trim_5s_486.wav,0
487,./final_data/noise/CAFE-CAFE-1_trim_5s_487.wav,0
488,./final_data/noise/CAFE-CAFE-1_trim_5s_488.wav,0
489,./final_data/noise/CAFE-CAFE-1_trim_5s_489.wav,0
490,./final_data/noise/CAFE-CAFE-1_trim_5s_490.wav,0
491,./final_data/noise/CAFE-CAFE-1_trim_5s_491.wav,0
492,./final_data/noise/CAFE-CAFE-1_trim_5s_492.wav,0
493,./final_data/noise/CAFE-CAFE-1_trim_5s_493.wav,0
494,./final_data/noise/CAFE-CAFE-1_trim_5s_494.wav,0
495,./final_data/noise/CAFE-CAFE-1_trim_5s_495.wav,0
496,./final_data/noise/CAFE-CAFE-1_trim_5s_496.wav,0
497,./final_data/noise/CAFE-CAFE-1_trim_5s_497.wav,0
498,./final_data/noise/CAFE-CAFE-1_trim_5s_498.wav,0
499,./final_data/noise/CAFE-CAFE-1_trim_5s_499.wav,0
500,./final_data/noise/CAFE-CAFE-1_trim_5s_500.wav,0
501,./final_data/noise/CAFE-CAFE-1_trim_5s_501.wav,0
502,./final_data/noise/CAFE-CAFE-1_trim_5s_502.wav,0
503,./final_data/noise/CAFE-CAFE-1_trim_5s_503.wav,0
504,./final_data/noise/CAFE-CAFE-1_trim_5s_504.wav,0
505,./final_data/noise/CAFE-CAFE-1_trim_5s_505.wav,0
0,./final_data/marathi/128232_2.wav,1
1,./final_data/marathi/128232_2.wav,1
2,./final_data/marathi/127915_2.wav,1
3,./final_data/marathi/127914_1.wav,1
4,./final_data/marathi/127913_1.wav,1
5,./final_data/marathi/127912_1.wav,1
6,./final_data/marathi/127911_1.wav,1
7,./final_data/marathi/127910_1.wav,1
8,./final_data/marathi/127909_2.wav,1
9,./final_data/marathi/127908_2.wav,1
10,./final_data/marathi/127806_2.wav,1
11,./final_data/marathi/127804_2.wav,1
12,./final_data/marathi/127803_2.wav,1
13,./final_data/marathi/127802_2.wav,1
14,./final_data/marathi/127800_2.wav,1
15,./final_data/marathi/127799_2.wav,1
16,./final_data/marathi/127059_2.wav,1
17,./final_data/marathi/127058_2.wav,1
18,./final_data/marathi/127016_2.wav,1
19,./final_data/marathi/128196_2.wav,1
20,./final_data/marathi/127642_2.wav,1
21,./final_data/marathi/128673_2.wav,1
22,./final_data/marathi/127821_2.wav,1
23,./final_data/marathi/127463_2.wav,1
24,./final_data/marathi/127625_1.wav,1
25,./final_data/marathi/127624_1.wav,1
26,./final_data/marathi/127602_2.wav,1
27,./final_data/marathi/127599_2.wav,1
28,./final_data/marathi/127598_2.wav,1
29,./final_data/marathi/127597_2.wav,1
30,./final_data/marathi/127586_2.wav,1
31,./final_data/marathi/127576_2.wav,1
32,./final_data/marathi/127575_2.wav,1
33,./final_data/marathi/127574_2.wav,1
34,./final_data/marathi/127309_2.wav,1
35,./final_data/marathi/127308_2.wav,1
36,./final_data/marathi/127303_1.wav,1
37,./final_data/marathi/127302_1.wav,1
38,./final_data/marathi/127078_2.wav,1
39,./final_data/marathi/128311_1.wav,1
40,./final_data/marathi/128309_2.wav,1
41,./final_data/marathi/128307_2.wav,1
42,./final_data/marathi/128304_2.wav,1
43,./final_data/marathi/128303_1.wav,1
44,./final_data/marathi/128297_2.wav,1
45,./final_data/marathi/128139_3.wav,1
46,./final_data/marathi/128139_2.wav,1
47,./final_data/marathi/128021_2.wav,1
48,./final_data/marathi/127658_2.wav,1
49,./final_data/marathi/127656_2.wav,1
50,./final_data/marathi/127655_2.wav,1
51,./final_data/marathi/127651_2.wav,1
52,./final_data/marathi/127651_3.wav,1
53,./final_data/marathi/128192_1.wav,1
54,./final_data/marathi/128185_1.wav,1
55,./final_data/marathi/128184_2.wav,1
56,./final_data/marathi/128845_2.wav,1
57,./final_data/marathi/127400_2.wav,1
58,./final_data/marathi/127399_2.wav,1
59,./final_data/marathi/127391_1.wav,1
60,./final_data/marathi/127386_1.wav,1
61,./final_data/marathi/127371_1.wav,1
62,./final_data/marathi/127368_1.wav,1
63,./final_data/marathi/127365_1.wav,1
64,./final_data/marathi/127361_1.wav,1
65,./final_data/marathi/127359_1.wav,1
66,./final_data/marathi/127130_1.wav,1
67,./final_data/marathi/127128_1.wav,1
68,./final_data/marathi/127977_2.wav,1
69,./final_data/marathi/127975_2.wav,1
70,./final_data/marathi/127974_2.wav,1
71,./final_data/marathi/127973_2.wav,1
72,./final_data/marathi/127970_2.wav,1
73,./final_data/marathi/127969_2.wav,1
74,./final_data/marathi/127966_2.wav,1
75,./final_data/marathi/127965_2.wav,1
76,./final_data/marathi/127964_2.wav,1
77,./final_data/marathi/127963_2.wav,1
78,./final_data/marathi/127960_2.wav,1
79,./final_data/marathi/127959_2.wav,1
80,./final_data/marathi/127958_2.wav,1
81,./final_data/marathi/127957_2.wav,1
82,./final_data/marathi/127349_2.wav,1
83,./final_data/marathi/127347_2.wav,1
84,./final_data/marathi/127770_2.wav,1
85,./final_data/marathi/127758_1.wav,1
86,./final_data/marathi/127755_1.wav,1
87,./final_data/marathi/127749_1.wav,1
88,./final_data/marathi/127719_1.wav,1
89,./final_data/marathi/127696_1.wav,1
90,./final_data/marathi/127684_1.wav,1
91,./final_data/marathi/127645_1.wav,1
92,./final_data/marathi/127636_1.wav,1
93,./final_data/marathi/127635_1.wav,1
94,./final_data/marathi/127633_2.wav,1
95,./final_data/marathi/127631_1.wav,1
96,./final_data/marathi/127630_2.wav,1
97,./final_data/marathi/127629_2.wav,1
98,./final_data/marathi/127490_2.wav,1
99,./final_data/marathi/127949_2.wav,1
100,./final_data/marathi/127738_2.wav,1
101,./final_data/marathi/127438_2.wav,1
102,./final_data/marathi/127590_1.wav,1
103,./final_data/marathi/127541_2.wav,1
104,./final_data/marathi/127521_1.wav,1
105,./final_data/marathi/127518_2.wav,1
106,./final_data/marathi/127827_2.wav,1
107,./final_data/marathi/128226_2.wav,1
108,./final_data/marathi/127940_2.wav,1
109,./final_data/marathi/127621_2.wav,1
110,./final_data/marathi/127492_2.wav,1
111,./final_data/marathi/127491_2.wav,1
112,./final_data/marathi/127489_2.wav,1
113,./final_data/marathi/127484_2.wav,1
114,./final_data/marathi/127483_2.wav,1
115,./final_data/marathi/127457_2.wav,1
116,./final_data/marathi/127455_2.wav,1
117,./final_data/marathi/127454_2.wav,1
118,./final_data/marathi/127437_2.wav,1
119,./final_data/marathi/127428_1.wav,1
120,./final_data/marathi/127427_1.wav,1
121,./final_data/marathi/127421_2.wav,1
122,./final_data/marathi/128829_2.wav,1
123,./final_data/marathi/128705_2.wav,1
124,./final_data/marathi/128623_1.wav,1
125,./final_data/marathi/128608_1.wav,1
126,./final_data/marathi/128606_1.wav,1
127,./final_data/marathi/128227_2.wav,1
128,./final_data/marathi/128226_1.wav,1
129,./final_data/marathi/128225_1.wav,1
130,./final_data/marathi/128223_2.wav,1
131,./final_data/marathi/128222_2.wav,1
132,./final_data/marathi/128213_2.wav,1
133,./final_data/marathi/128197_2.wav,1
134,./final_data/marathi/128135_2.wav,1
135,./final_data/marathi/128133_2.wav,1
136,./final_data/marathi/128131_2.wav,1
137,./final_data/marathi/128118_2.wav,1
138,./final_data/marathi/128020_2.wav,1
139,./final_data/marathi/128019_2.wav,1
140,./final_data/marathi/128008_2.wav,1
141,./final_data/marathi/128007_2.wav,1
142,./final_data/marathi/128006_2.wav,1
143,./final_data/marathi/128005_2.wav,1
144,./final_data/marathi/128004_2.wav,1
145,./final_data/marathi/127997_2.wav,1
146,./final_data/marathi/128002_2.wav,1
147,./final_data/marathi/128580_1.wav,1
148,./final_data/marathi/128577_1.wav,1
149,./final_data/marathi/128576_1.wav,1
150,./final_data/marathi/128574_1.wav,1
151,./final_data/marathi/128573_1.wav,1
152,./final_data/marathi/128572_1.wav,1
153,./final_data/marathi/128571_1.wav,1
154,./final_data/marathi/128569_1.wav,1
155,./final_data/marathi/128568_1.wav,1
156,./final_data/marathi/128567_1.wav,1
157,./final_data/marathi/128565_1.wav,1
158,./final_data/marathi/128562_1.wav,1
159,./final_data/marathi/128507_2.wav,1
160,./final_data/marathi/128506_2.wav,1
161,./final_data/marathi/128494_2.wav,1
162,./final_data/marathi/128837_2.wav,1
163,./final_data/marathi/128831_2.wav,1
164,./final_data/marathi/128672_2.wav,1
165,./final_data/marathi/128671_2.wav,1
166,./final_data/marathi/128669_2.wav,1
167,./final_data/marathi/128668_2.wav,1
168,./final_data/marathi/128667_2.wav,1
169,./final_data/marathi/128666_2.wav,1
170,./final_data/marathi/128662_2.wav,1
171,./final_data/marathi/128654_2.wav,1
172,./final_data/marathi/127913_2.wav,1
173,./final_data/marathi/127912_2.wav,1
174,./final_data/marathi/127911_2.wav,1
175,./final_data/marathi/127910_2.wav,1
176,./final_data/marathi/128696_1.wav,1
177,./final_data/marathi/128687_1.wav,1
178,./final_data/marathi/128686_1.wav,1
179,./final_data/marathi/128685_1.wav,1
180,./final_data/marathi/128684_1.wav,1
181,./final_data/marathi/128683_1.wav,1
182,./final_data/marathi/128682_1.wav,1
183,./final_data/marathi/128681_1.wav,1
184,./final_data/marathi/128680_1.wav,1
185,./final_data/marathi/128679_1.wav,1
186,./final_data/marathi/128678_1.wav,1
187,./final_data/marathi/128677_1.wav,1
188,./final_data/marathi/128675_1.wav,1
189,./final_data/marathi/128673_1.wav,1
190,./final_data/marathi/128653_2.wav,1
191,./final_data/marathi/128635_2.wav,1
192,./final_data/marathi/128632_2.wav,1
193,./final_data/marathi/128631_2.wav,1
194,./final_data/marathi/128456_1.wav,1
195,./final_data/marathi/128302_2.wav,1
196,./final_data/marathi/128288_2.wav,1
197,./final_data/marathi/128759_2.wav,1
198,./final_data/marathi/128758_2.wav,1
199,./final_data/marathi/128756_1.wav,1
200,./final_data/marathi/128755_1.wav,1
201,./final_data/marathi/128754_1.wav,1
202,./final_data/marathi/128753_1.wav,1
203,./final_data/marathi/128407_2.wav,1
204,./final_data/marathi/128401_1.wav,1
205,./final_data/marathi/128042_1.wav,1
206,./final_data/marathi/128038_1.wav,1
207,./final_data/marathi/128033_1.wav,1
208,./final_data/marathi/128032_1.wav,1
209,./final_data/marathi/128029_1.wav,1
210,./final_data/marathi/128021_1.wav,1
211,./final_data/marathi/128013_1.wav,1
212,./final_data/marathi/128011_1.wav,1
213,./final_data/marathi/128007_1.wav,1
214,./final_data/marathi/128006_1.wav,1
215,./final_data/marathi/128001_1.wav,1
216,./final_data/marathi/128000_1.wav,1
217,./final_data/marathi/127999_1.wav,1
218,./final_data/marathi/127998_1.wav,1
219,./final_data/marathi/127996_1.wav,1
220,./final_data/marathi/127990_1.wav,1
221,./final_data/marathi/127989_1.wav,1
222,./final_data/marathi/127980_1.wav,1
223,./final_data/marathi/127978_1.wav,1
224,./final_data/marathi/127986_2.wav,1
225,./final_data/marathi/127983_2.wav,1
226,./final_data/marathi/127945_2.wav,1
227,./final_data/marathi/127396_2.wav,1
228,./final_data/marathi/127394_2.wav,1
229,./final_data/marathi/127393_2.wav,1
230,./final_data/marathi/127312_1.wav,1
231,./final_data/marathi/127927_1.wav,1
232,./final_data/marathi/127926_1.wav,1
233,./final_data/marathi/127923_1.wav,1
234,./final_data/marathi/127921_1.wav,1
235,./final_data/marathi/127918_1.wav,1
236,./final_data/marathi/127917_1.wav,1
237,./final_data/marathi/127916_1.wav,1
238,./final_data/marathi/127566_2.wav,1
239,./final_data/marathi/127310_1.wav,1
240,./final_data/marathi/127309_1.wav,1
241,./final_data/marathi/127305_2.wav,1
242,./final_data/marathi/127293_1.wav,1
243,./final_data/marathi/128404_1.wav,1
244,./final_data/marathi/128399_1.wav,1
245,./final_data/marathi/128397_1.wav,1
246,./final_data/marathi/128393_1.wav,1
247,./final_data/marathi/128390_1.wav,1
248,./final_data/marathi/128388_1.wav,1
249,./final_data/marathi/128386_1.wav,1
250,./final_data/marathi/128385_1.wav,1
251,./final_data/marathi/128384_1.wav,1
252,./final_data/marathi/128383_1.wav,1
253,./final_data/marathi/128381_1.wav,1
254,./final_data/marathi/128380_1.wav,1
255,./final_data/marathi/128378_1.wav,1
256,./final_data/marathi/128375_1.wav,1
257,./final_data/marathi/128371_1.wav,1
258,./final_data/marathi/128370_1.wav,1
259,./final_data/marathi/128369_1.wav,1
260,./final_data/marathi/128367_1.wav,1
261,./final_data/marathi/128366_1.wav,1
262,./final_data/marathi/128362_1.wav,1
263,./final_data/marathi/127918_2.wav,1
264,./final_data/marathi/128357_2.wav,1
265,./final_data/marathi/128348_2.wav,1
266,./final_data/marathi/128347_2.wav,1
267,./final_data/marathi/128342_2.wav,1
268,./final_data/marathi/128341_1.wav,1
269,./final_data/marathi/128339_1.wav,1
270,./final_data/marathi/128337_1.wav,1
271,./final_data/marathi/128332_1.wav,1
272,./final_data/marathi/128330_1.wav,1
273,./final_data/marathi/128329_1.wav,1
274,./final_data/marathi/128328_1.wav,1
275,./final_data/marathi/128326_2.wav,1
276,./final_data/marathi/128325_1.wav,1
277,./final_data/marathi/128318_2.wav,1
278,./final_data/marathi/128314_2.wav,1
279,./final_data/marathi/128313_1.wav,1
280,./final_data/marathi/128312_1.wav,1
281,./final_data/marathi/128309_1.wav,1
282,./final_data/marathi/128308_1.wav,1
283,./final_data/marathi/128306_1.wav,1
284,./final_data/marathi/128305_1.wav,1
285,./final_data/marathi/128304_1.wav,1
286,./final_data/marathi/127444_2.wav,1
287,./final_data/marathi/127442_1.wav,1
288,./final_data/marathi/127438_1.wav,1
289,./final_data/marathi/127435_2.wav,1
290,./final_data/marathi/127259_2.wav,1
291,./final_data/marathi/128321_1.wav,1
292,./final_data/marathi/128299_1.wav,1
293,./final_data/marathi/128275_2.wav,1
294,./final_data/marathi/128265_2.wav,1
295,./final_data/marathi/128264_2.wav,1
296,./final_data/marathi/128262_2.wav,1
297,./final_data/marathi/127890_2.wav,1
298,./final_data/marathi/127888_2.wav,1
299,./final_data/marathi/127877_2.wav,1
300,./final_data/marathi/128279_1.wav,1
301,./final_data/marathi/128278_1.wav,1
302,./final_data/marathi/128277_1.wav,1
303,./final_data/marathi/128276_1.wav,1
304,./final_data/marathi/128275_1.wav,1
305,./final_data/marathi/128274_1.wav,1
306,./final_data/marathi/128273_1.wav,1
307,./final_data/marathi/128272_1.wav,1
308,./final_data/marathi/128271_1.wav,1
309,./final_data/marathi/128270_1.wav,1
310,./final_data/marathi/128269_1.wav,1
311,./final_data/marathi/128268_1.wav,1
312,./final_data/marathi/128267_1.wav,1
313,./final_data/marathi/128266_1.wav,1
314,./final_data/marathi/128265_1.wav,1
315,./final_data/marathi/128263_1.wav,1
316,./final_data/marathi/128262_1.wav,1
317,./final_data/marathi/128260_1.wav,1
318,./final_data/marathi/128259_1.wav,1
319,./final_data/marathi/128258_1.wav,1
320,./final_data/marathi/128257_1.wav,1
321,./final_data/marathi/128256_1.wav,1
322,./final_data/marathi/128255_2.wav,1
323,./final_data/marathi/128254_1.wav,1
324,./final_data/marathi/128253_2.wav,1
325,./final_data/marathi/128252_2.wav,1
326,./final_data/marathi/127544_2.wav,1
327,./final_data/marathi/127543_2.wav,1
328,./final_data/marathi/127478_2.wav,1
329,./final_data/marathi/127476_2.wav,1
330,./final_data/marathi/127472_2.wav,1
331,./final_data/marathi/127311_2.wav,1
332,./final_data/marathi/127052_1.wav,1
333,./final_data/marathi/127049_1.wav,1
334,./final_data/marathi/126859_2.wav,1
335,./final_data/marathi/126858_2.wav,1
336,./final_data/marathi/126830_2.wav,1
337,./final_data/marathi/128247_1.wav,1
338,./final_data/marathi/128246_1.wav,1
339,./final_data/marathi/128243_2.wav,1
340,./final_data/marathi/128242_1.wav,1
341,./final_data/marathi/128238_2.wav,1
342,./final_data/marathi/128219_2.wav,1
343,./final_data/marathi/128199_1.wav,1
344,./final_data/marathi/128172_2.wav,1
345,./final_data/marathi/128166_2.wav,1
346,./final_data/marathi/128164_2.wav,1
347,./final_data/marathi/127898_1.wav,1
348,./final_data/marathi/127896_1.wav,1
349,./final_data/marathi/127514_1.wav,1
350,./final_data/marathi/127513_2.wav,1
351,./final_data/marathi/127508_1.wav,1
352,./final_data/marathi/127507_2.wav,1
353,./final_data/marathi/127506_2.wav,1
354,./final_data/marathi/127505_2.wav,1
355,./final_data/marathi/127504_2.wav,1
356,./final_data/marathi/127503_2.wav,1
357,./final_data/marathi/127502_2.wav,1
358,./final_data/marathi/127501_1.wav,1
359,./final_data/marathi/127498_2.wav,1
360,./final_data/marathi/127497_2.wav,1
361,./final_data/marathi/127097_2.wav,1
362,./final_data/marathi/127064_2.wav,1
363,./final_data/marathi/127063_2.wav,1
364,./final_data/marathi/128245_1.wav,1
365,./final_data/marathi/128244_1.wav,1
366,./final_data/marathi/128243_1.wav,1
367,./final_data/marathi/128238_1.wav,1
368,./final_data/marathi/128236_1.wav,1
369,./final_data/marathi/128232_1.wav,1
370,./final_data/marathi/128231_1.wav,1
371,./final_data/marathi/128230_2.wav,1
372,./final_data/marathi/128229_2.wav,1
373,./final_data/marathi/128126_2.wav,1
374,./final_data/marathi/128122_1.wav,1
375,./final_data/marathi/128114_2.wav,1
376,./final_data/marathi/128113_1.wav,1
377,./final_data/marathi/128109_2.wav,1
378,./final_data/marathi/128107_2.wav,1
379,./final_data/marathi/128104_2.wav,1
380,./final_data/marathi/128096_2.wav,1
381,./final_data/marathi/128091_1.wav,1
382,./final_data/marathi/128087_1.wav,1
383,./final_data/marathi/128072_3.wav,1
384,./final_data/marathi/128070_2.wav,1
385,./final_data/marathi/128069_1.wav,1
386,./final_data/marathi/128068_1.wav,1
387,./final_data/marathi/128066_1.wav,1
388,./final_data/marathi/128062_1.wav,1
389,./final_data/marathi/128058_1.wav,1
390,./final_data/marathi/127812_2.wav,1
391,./final_data/marathi/127770_1.wav,1
392,./final_data/marathi/127769_2.wav,1
393,./final_data/marathi/127767_2.wav,1
394,./final_data/marathi/127722_2.wav,1
395,./final_data/marathi/127711_2.wav,1
396,./final_data/marathi/127702_2.wav,1
397,./final_data/marathi/128235_2.wav,1
398,./final_data/marathi/128228_2.wav,1
399,./final_data/marathi/128011_2.wav,1
400,./final_data/marathi/128010_2.wav,1
401,./final_data/marathi/128110_2.wav,1
402,./final_data/marathi/128103_1.wav,1
403,./final_data/marathi/128101_1.wav,1
404,./final_data/marathi/128100_1.wav,1
405,./final_data/marathi/128099_1.wav,1
406,./final_data/marathi/128097_2.wav,1
407,./final_data/marathi/128096_1.wav,1
408,./final_data/marathi/128095_1.wav,1
409,./final_data/marathi/128094_1.wav,1
410,./final_data/marathi/128093_1.wav,1
411,./final_data/marathi/128092_1.wav,1
412,./final_data/marathi/128082_2.wav,1
413,./final_data/marathi/127696_2.wav,1
414,./final_data/marathi/127689_2.wav,1
415,./final_data/marathi/127676_2.wav,1
416,./final_data/marathi/127672_2.wav,1
417,./final_data/marathi/127667_2.wav,1
418,./final_data/marathi/127657_2.wav,1
419,./final_data/marathi/127450_1.wav,1
420,./final_data/marathi/127449_1.wav,1
421,./final_data/marathi/127448_1.wav,1
422,./final_data/marathi/127400_1.wav,1
423,./final_data/marathi/127398_2.wav,1
424,./final_data/marathi/127346_2.wav,1
425,./final_data/marathi/127345_2.wav,1
426,./final_data/marathi/127344_2.wav,1
427,./final_data/marathi/127338_2.wav,1
428,./final_data/marathi/127317_2.wav,1
429,./final_data/marathi/127313_1.wav,1
430,./final_data/marathi/127308_1.wav,1
431,./final_data/marathi/127038_2.wav,1
432,./final_data/marathi/127035_1.wav,1
433,./final_data/marathi/127029_2.wav,1
434,./final_data/marathi/127022_2.wav,1
435,./final_data/marathi/127021_2.wav,1
436,./final_data/marathi/127020_2.wav,1
437,./final_data/marathi/127017_2.wav,1
438,./final_data/marathi/126996_2.wav,1
439,./final_data/marathi/126988_2.wav,1
440,./final_data/marathi/128162_1.wav,1
441,./final_data/marathi/128146_1.wav,1
442,./final_data/marathi/128145_1.wav,1
443,./final_data/marathi/128144_1.wav,1
444,./final_data/marathi/128142_1.wav,1
445,./final_data/marathi/128141_1.wav,1
446,./final_data/marathi/128140_1.wav,1
447,./final_data/marathi/128139_1.wav,1
448,./final_data/marathi/128136_1.wav,1
449,./final_data/marathi/128134_2.wav,1
450,./final_data/marathi/128132_2.wav,1
451,./final_data/marathi/128129_1.wav,1
452,./final_data/marathi/128127_2.wav,1
453,./final_data/marathi/128125_2.wav,1
454,./final_data/marathi/128124_1.wav,1
455,./final_data/marathi/128123_1.wav,1
456,./final_data/marathi/128122_2.wav,1
457,./final_data/marathi/128121_1.wav,1
458,./final_data/marathi/128120_1.wav,1
459,./final_data/marathi/128118_1.wav,1
460,./final_data/marathi/128116_1.wav,1
461,./final_data/marathi/128115_1.wav,1
462,./final_data/marathi/128113_2.wav,1
463,./final_data/marathi/128110_1.wav,1
464,./final_data/marathi/128108_2.wav,1
465,./final_data/marathi/128105_1.wav,1
466,./final_data/marathi/128104_1.wav,1
467,./final_data/marathi/128103_2.wav,1
468,./final_data/marathi/128102_1.wav,1
469,./final_data/marathi/128100_2.wav,1
470,./final_data/marathi/128099_2.wav,1
471,./final_data/marathi/128098_1.wav,1
472,./final_data/marathi/128097_1.wav,1
473,./final_data/marathi/128095_2.wav,1
474,./final_data/marathi/128094_2.wav,1
475,./final_data/marathi/128088_2.wav,1
476,./final_data/marathi/128090_2.wav,1
477,./final_data/marathi/128087_2.wav,1
478,./final_data/marathi/128082_1.wav,1
479,./final_data/marathi/128072_2.wav,1
480,./final_data/marathi/128071_2.wav,1
481,./final_data/marathi/128070_1.wav,1
482,./final_data/marathi/128060_2.wav,1
483,./final_data/marathi/128043_2.wav,1
484,./final_data/marathi/128027_2.wav,1
485,./final_data/marathi/128026_2.wav,1
486,./final_data/marathi/128025_2.wav,1
487,./final_data/marathi/128024_2.wav,1
488,./final_data/marathi/128023_2.wav,1
489,./final_data/marathi/127907_2.wav,1
490,./final_data/marathi/127906_2.wav,1
491,./final_data/marathi/127905_2.wav,1
492,./final_data/marathi/127904_2.wav,1
493,./final_data/marathi/127903_2.wav,1
494,./final_data/marathi/127902_2.wav,1
495,./final_data/marathi/127901_2.wav,1
496,./final_data/marathi/127900_1.wav,1
497,./final_data/marathi/127896_2.wav,1
498,./final_data/marathi/127876_2.wav,1
499,./final_data/marathi/127866_1.wav,1
500,./final_data/marathi/127865_1.wav,1
501,./final_data/marathi/127864_1.wav,1
502,./final_data/marathi/127863_1.wav,1
503,./final_data/marathi/127862_1.wav,1
504,./final_data/marathi/127861_1.wav,1
505,./final_data/marathi/127860_1.wav,1
506,./final_data/marathi/127859_1.wav,1
507,./final_data/marathi/127858_1.wav,1
508,./final_data/marathi/127857_1.wav,1
509,./final_data/marathi/127856_1.wav,1
510,./final_data/marathi/127855_1.wav,1
511,./final_data/marathi/127854_1.wav,1
512,./final_data/marathi/127853_1.wav,1
513,./final_data/marathi/127852_1.wav,1
514,./final_data/marathi/127851_1.wav,1
515,./final_data/marathi/127850_1.wav,1
516,./final_data/marathi/127849_1.wav,1
517,./final_data/marathi/127848_1.wav,1
518,./final_data/marathi/127847_1.wav,1
519,./final_data/marathi/127846_1.wav,1
520,./final_data/marathi/127845_1.wav,1
521,./final_data/marathi/127843_1.wav,1
522,./final_data/marathi/127842_1.wav,1
523,./final_data/marathi/127840_1.wav,1
524,./final_data/marathi/127467_2.wav,1
525,./final_data/marathi/127783_1.wav,1
526,./final_data/marathi/127778_1.wav,1
527,./final_data/marathi/127747_2.wav,1
528,./final_data/marathi/128142_2.wav,1
529,./final_data/marathi/128141_2.wav,1
530,./final_data/marathi/128137_2.wav,1
531,./final_data/marathi/128135_1.wav,1
532,./final_data/marathi/128134_1.wav,1
533,./final_data/marathi/128132_1.wav,1
534,./final_data/marathi/128130_1.wav,1
535,./final_data/marathi/128127_1.wav,1
536,./final_data/marathi/128126_1.wav,1
537,./final_data/marathi/128125_1.wav,1
538,./final_data/marathi/128124_2.wav,1
539,./final_data/marathi/128120_2.wav,1
540,./final_data/marathi/128119_2.wav,1
541,./final_data/marathi/128115_2.wav,1
542,./final_data/marathi/128112_2.wav,1
543,./final_data/marathi/128109_1.wav,1
544,./final_data/marathi/128108_1.wav,1
545,./final_data/marathi/128106_1.wav,1
546,./final_data/marathi/128093_2.wav,1
547,./final_data/marathi/128089_1.wav,1
548,./final_data/marathi/128085_2.wav,1
549,./final_data/marathi/128071_1.wav,1
550,./final_data/marathi/128064_2.wav,1
551,./final_data/marathi/128063_2.wav,1
552,./final_data/marathi/128062_2.wav,1
553,./final_data/marathi/128061_1.wav,1
554,./final_data/marathi/128055_2.wav,1
555,./final_data/marathi/128048_2.wav,1
556,./final_data/marathi/127945_1.wav,1
557,./final_data/marathi/127976_2.wav,1
558,./final_data/marathi/127819_2.wav,1
559,./final_data/marathi/127818_2.wav,1
560,./final_data/marathi/127817_2.wav,1
561,./final_data/marathi/127816_2.wav,1
562,./final_data/marathi/127815_2.wav,1
563,./final_data/marathi/127814_2.wav,1
564,./final_data/marathi/127813_2.wav,1
565,./final_data/marathi/127427_2.wav,1
566,./final_data/marathi/127425_1.wav,1
567,./final_data/marathi/127422_1.wav,1
568,./final_data/marathi/127421_1.wav,1
569,./final_data/marathi/127419_1.wav,1
570,./final_data/marathi/127980_2.wav,1
571,./final_data/marathi/127787_2.wav,1
572,./final_data/marathi/127031_2.wav,1
573,./final_data/marathi/127024_1.wav,1
574,./final_data/marathi/127023_1.wav,1
575,./final_data/marathi/127022_1.wav,1
576,./final_data/marathi/127021_1.wav,1
577,./final_data/marathi/127017_1.wav,1
578,./final_data/marathi/127012_1.wav,1
579,./final_data/marathi/127008_1.wav,1
580,./final_data/marathi/126981_2.wav,1
581,./final_data/marathi/126970_2.wav,1
582,./final_data/marathi/126967_2.wav,1
583,./final_data/marathi/126966_2.wav,1
584,./final_data/marathi/126965_2.wav,1
585,./final_data/marathi/126964_2.wav,1
586,./final_data/marathi/126962_2.wav,1
587,./final_data/marathi/127988_1.wav,1
588,./final_data/marathi/127986_1.wav,1
589,./final_data/marathi/127983_1.wav,1
590,./final_data/marathi/127979_1.wav,1
591,./final_data/marathi/127976_1.wav,1
592,./final_data/marathi/127966_1.wav,1
593,./final_data/marathi/127957_1.wav,1
594,./final_data/marathi/127956_1.wav,1
595,./final_data/marathi/127939_1.wav,1
596,./final_data/marathi/127930_2.wav,1
597,./final_data/marathi/127925_2.wav,1
598,./final_data/marathi/127851_2.wav,1
599,./final_data/marathi/127953_2.wav,1
600,./final_data/marathi/127067_2.wav,1
601,./final_data/marathi/127909_1.wav,1
602,./final_data/marathi/127908_1.wav,1
603,./final_data/marathi/127907_1.wav,1
604,./final_data/marathi/127906_1.wav,1
605,./final_data/marathi/127905_1.wav,1
606,./final_data/marathi/127903_1.wav,1
607,./final_data/marathi/127902_1.wav,1
608,./final_data/marathi/127899_1.wav,1
609,./final_data/marathi/127897_2.wav,1
610,./final_data/marathi/127340_2.wav,1
611,./final_data/marathi/127866_2.wav,1
612,./final_data/marathi/127850_2.wav,1
613,./final_data/marathi/127632_2.wav,1
614,./final_data/marathi/127629_1.wav,1
615,./final_data/marathi/127520_1.wav,1
616,./final_data/marathi/127516_1.wav,1
617,./final_data/marathi/127505_1.wav,1
618,./final_data/marathi/127499_1.wav,1
619,./final_data/marathi/127494_1.wav,1
620,./final_data/marathi/127470_1.wav,1
621,./final_data/marathi/127465_1.wav,1
622,./final_data/marathi/127459_1.wav,1
623,./final_data/marathi/127414_1.wav,1
624,./final_data/marathi/127409_2.wav,1
625,./final_data/marathi/127348_1.wav,1
626,./final_data/marathi/127330_2.wav,1
627,./final_data/marathi/127328_2.wav,1
628,./final_data/marathi/127216_2.wav,1
629,./final_data/marathi/127189_2.wav,1
630,./final_data/marathi/127137_2.wav,1
631,./final_data/marathi/127105_1.wav,1
632,./final_data/marathi/127100_1.wav,1
633,./final_data/marathi/127099_1.wav,1
634,./final_data/marathi/127086_1.wav,1
635,./final_data/marathi/127085_1.wav,1
636,./final_data/marathi/127083_1.wav,1
637,./final_data/marathi/127072_1.wav,1
638,./final_data/marathi/127070_1.wav,1
639,./final_data/marathi/127369_2.wav,1
640,./final_data/marathi/127361_2.wav,1
641,./final_data/marathi/127278_2.wav,1
642,./final_data/marathi/127230_2.wav,1
643,./final_data/marathi/127206_2.wav,1
644,./final_data/marathi/127203_1.wav,1
645,./final_data/marathi/127120_2.wav,1
646,./final_data/marathi/127119_2.wav,1
647,./final_data/marathi/127146_2.wav,1
648,./final_data/marathi/126946_1.wav,1
649,./final_data/marathi/126940_2.wav,1
650,./final_data/marathi/126939_2.wav,1
651,./final_data/marathi/126934_2.wav,1
652,./final_data/marathi/126932_2.wav,1
653,./final_data/marathi/126928_2.wav,1
654,./final_data/marathi/126923_2.wav,1
655,./final_data/marathi/126902_2.wav,1
656,./final_data/marathi/127107_1.wav,1
657,./final_data/marathi/126993_1.wav,1
658,./final_data/marathi/126880_1.wav,1
659,./final_data/marathi/126879_2.wav,1
660,./final_data/marathi/126878_2.wav,1
661,./final_data/marathi/126872_2.wav,1
662,./final_data/marathi/126871_2.wav,1
663,./final_data/marathi/126866_2.wav,1
664,./final_data/marathi/126863_2.wav,1
665,./final_data/marathi/126860_2.wav,1
666,./final_data/marathi/126855_2.wav,1
667,./final_data/marathi/126852_2.wav,1
668,./final_data/marathi/126845_2.wav,1
669,./final_data/marathi/126837_2.wav,1
670,./final_data/marathi/126836_2.wav,1
671,./final_data/marathi/126944_1.wav,1
672,./final_data/marathi/126927_1.wav,1
673,./final_data/marathi/126925_1.wav,1
674,./final_data/marathi/126915_1.wav,1
675,./final_data/marathi/126911_1.wav,1
676,./final_data/marathi/126899_1.wav,1
677,./final_data/marathi/126897_2.wav,1
678,./final_data/marathi/126888_2.wav,1
679,./final_data/marathi/126887_2.wav,1
680,./final_data/marathi/126886_2.wav,1
681,./final_data/marathi/126882_2.wav,1
682,./final_data/marathi/126881_2.wav,1
683,./final_data/marathi/126880_2.wav,1
684,./final_data/marathi/126879_1.wav,1
685,./final_data/marathi/126878_1.wav,1
686,./final_data/marathi/126877_1.wav,1
687,./final_data/marathi/126874_1.wav,1
688,./final_data/marathi/126873_1.wav,1
689,./final_data/marathi/126871_1.wav,1
690,./final_data/marathi/126869_1.wav,1
691,./final_data/marathi/126867_1.wav,1
692,./final_data/marathi/126866_1.wav,1
693,./final_data/marathi/126863_1.wav,1
694,./final_data/marathi/126860_1.wav,1
695,./final_data/marathi/126854_1.wav,1
696,./final_data/marathi/126853_1.wav,1
697,./final_data/marathi/126852_1.wav,1
698,./final_data/marathi/126851_1.wav,1
699,./final_data/marathi/126850_1.wav,1
700,./final_data/marathi/126844_2.wav,1
701,./final_data/marathi/126843_1.wav,1
702,./final_data/marathi/126842_1.wav,1
703,./final_data/marathi/126837_1.wav,1
704,./final_data/marathi/126832_1.wav,1
705,./final_data/marathi/126883_2.wav,1
706,./final_data/marathi/126877_2.wav,1
